filepath,processed_filepath,label,class_index,predicted_label,confidence
../dataset/Forect Fire/Forest Fire_Dataset/test/fire/fire_test_1006.jpg,data/processed/test/fire/fire_test_1006.jpg,fire,0,smokefire,0.53532094
../dataset/Forect Fire/Forest Fire_Dataset/test/fire/fire_test_1013.jpg,data/processed/test/fire/fire_test_1013.jpg,fire,0,smokefire,0.5418762
../dataset/Forect Fire/Forest Fire_Dataset/test/fire/fire_test_1014.jpg,data/processed/test/fire/fire_test_1014.jpg,fire,0,smokefire,0.4733388
../dataset/Forect Fire/Forest Fire_Dataset/test/fire/fire_test_1016.jpg,data/processed/test/fire/fire_test_1016.jpg,fire,0,smokefire,0.59463245
../dataset/Forect Fire/Forest Fire_Dataset/test/fire/fire_test_1023.jpg,data/processed/test/fire/fire_test_1023.jpg,fire,0,smoke,0.7891714
../dataset/Forect Fire/Forest Fire_Dataset/test/fire/fire_test_1032.jpg,data/processed/test/fire/fire_test_1032.jpg,fire,0,smokefire,0.5603573
../dataset/Forect Fire/Forest Fire_Dataset/test/fire/fire_test_1033.jpg,data/processed/test/fire/fire_test_1033.jpg,fire,0,smoke,0.40515003
../dataset/Forect Fire/Forest Fire_Dataset/test/fire/fire_test_1035.jpg,data/processed/test/fire/fire_test_1035.jpg,fire,0,smokefire,0.45126635
../dataset/Forect Fire/Forest Fire_Dataset/test/fire/fire_test_1036.jpg,data/processed/test/fire/fire_test_1036.jpg,fire,0,smokefire,0.9533668
../dataset/Forect Fire/Forest Fire_Dataset/test/fire/fire_test_1037.jpg,data/processed/test/fire/fire_test_1037.jpg,fire,0,nofire,0.71956706
../dataset/Forect Fire/Forest Fire_Dataset/test/fire/fire_test_1038.jpg,data/processed/test/fire/fire_test_1038.jpg,fire,0,nofire,0.50738496
../dataset/Forect Fire/Forest Fire_Dataset/test/fire/fire_test_1039.jpg,data/processed/test/fire/fire_test_1039.jpg,fire,0,smokefire,0.51903
../dataset/Forect Fire/Forest Fire_Dataset/test/fire/fire_test_1041.jpg,data/processed/test/fire/fire_test_1041.jpg,fire,0,smokefire,0.72536635
../dataset/Forect Fire/Forest Fire_Dataset/test/fire/fire_test_1044.jpg,data/processed/test/fire/fire_test_1044.jpg,fire,0,smokefire,0.68307495
../dataset/Forect Fire/Forest Fire_Dataset/test/fire/fire_test_1045.jpg,data/processed/test/fire/fire_test_1045.jpg,fire,0,smokefire,0.5542862
../dataset/Forect Fire/Forest Fire_Dataset/test/fire/fire_test_1046.jpg,data/processed/test/fire/fire_test_1046.jpg,fire,0,smokefire,0.7761678
../dataset/Forect Fire/Forest Fire_Dataset/test/fire/fire_test_1048.jpg,data/processed/test/fire/fire_test_1048.jpg,fire,0,smokefire,0.77010715
../dataset/Forect Fire/Forest Fire_Dataset/test/fire/fire_test_1049.jpg,data/processed/test/fire/fire_test_1049.jpg,fire,0,smokefire,0.7008882
../dataset/Forect Fire/Forest Fire_Dataset/test/fire/fire_test_1051.jpg,data/processed/test/fire/fire_test_1051.jpg,fire,0,smokefire,0.60374695
../dataset/Forect Fire/Forest Fire_Dataset/test/fire/fire_test_1052.jpg,data/processed/test/fire/fire_test_1052.jpg,fire,0,smoke,0.32037905
../dataset/Forect Fire/Forest Fire_Dataset/test/fire/fire_test_1053.jpg,data/processed/test/fire/fire_test_1053.jpg,fire,0,nofire,0.9315788
../dataset/Forect Fire/Forest Fire_Dataset/test/fire/fire_test_1057.jpg,data/processed/test/fire/fire_test_1057.jpg,fire,0,nofire,0.54234093
../dataset/Forect Fire/Forest Fire_Dataset/test/fire/fire_test_1063.jpg,data/processed/test/fire/fire_test_1063.jpg,fire,0,smokefire,0.71585655
../dataset/Forect Fire/Forest Fire_Dataset/test/fire/fire_test_1066.jpg,data/processed/test/fire/fire_test_1066.jpg,fire,0,smokefire,0.7843155
../dataset/Forect Fire/Forest Fire_Dataset/test/fire/fire_test_1067.jpg,data/processed/test/fire/fire_test_1067.jpg,fire,0,smokefire,0.7730579
../dataset/Forect Fire/Forest Fire_Dataset/test/fire/fire_test_1071.jpg,data/processed/test/fire/fire_test_1071.jpg,fire,0,smokefire,0.71177363
../dataset/Forect Fire/Forest Fire_Dataset/test/fire/fire_test_1072.jpg,data/processed/test/fire/fire_test_1072.jpg,fire,0,smokefire,0.63091594
../dataset/Forect Fire/Forest Fire_Dataset/test/fire/fire_test_1077.jpg,data/processed/test/fire/fire_test_1077.jpg,fire,0,smokefire,0.54699975
../dataset/Forect Fire/Forest Fire_Dataset/test/fire/fire_test_1078.jpg,data/processed/test/fire/fire_test_1078.jpg,fire,0,smokefire,0.6954519
../dataset/Forect Fire/Forest Fire_Dataset/test/fire/fire_test_1079.jpg,data/processed/test/fire/fire_test_1079.jpg,fire,0,smokefire,0.8284946
../dataset/Forect Fire/Forest Fire_Dataset/test/fire/fire_test_1082.jpg,data/processed/test/fire/fire_test_1082.jpg,fire,0,smokefire,0.5376433
../dataset/Forect Fire/Forest Fire_Dataset/test/fire/fire_test_1085.jpg,data/processed/test/fire/fire_test_1085.jpg,fire,0,smokefire,0.4927059
../dataset/Forect Fire/Forest Fire_Dataset/test/fire/fire_test_1087.jpg,data/processed/test/fire/fire_test_1087.jpg,fire,0,smokefire,0.53995115
../dataset/Forect Fire/Forest Fire_Dataset/test/fire/fire_test_1091.jpg,data/processed/test/fire/fire_test_1091.jpg,fire,0,smokefire,0.66117746
../dataset/Forect Fire/Forest Fire_Dataset/test/fire/fire_test_1092.jpg,data/processed/test/fire/fire_test_1092.jpg,fire,0,smoke,0.49282855
../dataset/Forect Fire/Forest Fire_Dataset/test/fire/fire_test_1093.jpg,data/processed/test/fire/fire_test_1093.jpg,fire,0,smokefire,0.43692905
../dataset/Forect Fire/Forest Fire_Dataset/test/fire/fire_test_1097.jpg,data/processed/test/fire/fire_test_1097.jpg,fire,0,smokefire,0.41424882
../dataset/Forect Fire/Forest Fire_Dataset/test/fire/fire_test_1099.jpg,data/processed/test/fire/fire_test_1099.jpg,fire,0,smokefire,0.6497702
../dataset/Forect Fire/Forest Fire_Dataset/test/fire/fire_test_1100.jpg,data/processed/test/fire/fire_test_1100.jpg,fire,0,smokefire,0.61708874
../dataset/Forect Fire/Forest Fire_Dataset/test/fire/fire_test_1102.jpg,data/processed/test/fire/fire_test_1102.jpg,fire,0,smokefire,0.55080146
../dataset/Forect Fire/Forest Fire_Dataset/test/fire/fire_test_1106.jpg,data/processed/test/fire/fire_test_1106.jpg,fire,0,smokefire,0.4795244
../dataset/Forect Fire/Forest Fire_Dataset/test/fire/fire_test_1109.jpg,data/processed/test/fire/fire_test_1109.jpg,fire,0,nofire,0.52687275
../dataset/Forect Fire/Forest Fire_Dataset/test/fire/fire_test_1115.jpg,data/processed/test/fire/fire_test_1115.jpg,fire,0,smokefire,0.43409267
../dataset/Forect Fire/Forest Fire_Dataset/test/fire/fire_test_1119.jpg,data/processed/test/fire/fire_test_1119.jpg,fire,0,smokefire,0.64949614
../dataset/Forect Fire/Forest Fire_Dataset/test/fire/fire_test_1123.jpg,data/processed/test/fire/fire_test_1123.jpg,fire,0,smoke,0.4675884
../dataset/Forect Fire/Forest Fire_Dataset/test/fire/fire_test_1124.jpg,data/processed/test/fire/fire_test_1124.jpg,fire,0,smoke,0.59981763
../dataset/Forect Fire/Forest Fire_Dataset/test/fire/fire_test_1132.jpg,data/processed/test/fire/fire_test_1132.jpg,fire,0,smokefire,0.77475286
../dataset/Forect Fire/Forest Fire_Dataset/test/fire/fire_test_1133.jpg,data/processed/test/fire/fire_test_1133.jpg,fire,0,nofire,0.81973547
../dataset/Forect Fire/Forest Fire_Dataset/test/fire/fire_test_1135.jpg,data/processed/test/fire/fire_test_1135.jpg,fire,0,smokefire,0.5766529
../dataset/Forect Fire/Forest Fire_Dataset/test/fire/fire_test_1139.jpg,data/processed/test/fire/fire_test_1139.jpg,fire,0,smokefire,0.84901786
../dataset/Forect Fire/Forest Fire_Dataset/test/fire/fire_test_1142.jpg,data/processed/test/fire/fire_test_1142.jpg,fire,0,smokefire,0.56911975
../dataset/Forect Fire/Forest Fire_Dataset/test/fire/fire_test_1144.jpg,data/processed/test/fire/fire_test_1144.jpg,fire,0,smokefire,0.5603818
../dataset/Forect Fire/Forest Fire_Dataset/test/fire/fire_test_1148.jpg,data/processed/test/fire/fire_test_1148.jpg,fire,0,smoke,0.8585552
../dataset/Forect Fire/Forest Fire_Dataset/test/fire/fire_test_1150.jpg,data/processed/test/fire/fire_test_1150.jpg,fire,0,smokefire,0.79604375
../dataset/Forect Fire/Forest Fire_Dataset/test/fire/fire_test_1152.jpg,data/processed/test/fire/fire_test_1152.jpg,fire,0,smokefire,0.67260545
../dataset/Forect Fire/Forest Fire_Dataset/test/fire/fire_test_1153.jpg,data/processed/test/fire/fire_test_1153.jpg,fire,0,smoke,0.68650186
../dataset/Forect Fire/Forest Fire_Dataset/test/fire/fire_test_1154.jpg,data/processed/test/fire/fire_test_1154.jpg,fire,0,smokefire,0.8832562
../dataset/Forect Fire/Forest Fire_Dataset/test/fire/fire_test_1155.jpg,data/processed/test/fire/fire_test_1155.jpg,fire,0,smokefire,0.6251586
../dataset/Forect Fire/Forest Fire_Dataset/test/fire/fire_test_1156.jpg,data/processed/test/fire/fire_test_1156.jpg,fire,0,nofire,0.42928353
../dataset/Forect Fire/Forest Fire_Dataset/test/fire/fire_test_1157.jpg,data/processed/test/fire/fire_test_1157.jpg,fire,0,smokefire,0.755051
../dataset/Forect Fire/Forest Fire_Dataset/test/fire/fire_test_1160.jpg,data/processed/test/fire/fire_test_1160.jpg,fire,0,smoke,0.42567164
../dataset/Forect Fire/Forest Fire_Dataset/test/fire/fire_test_1161.jpg,data/processed/test/fire/fire_test_1161.jpg,fire,0,nofire,0.37041897
../dataset/Forect Fire/Forest Fire_Dataset/test/fire/fire_test_1163.jpg,data/processed/test/fire/fire_test_1163.jpg,fire,0,nofire,0.41291484
../dataset/Forect Fire/Forest Fire_Dataset/test/fire/fire_test_1164.jpg,data/processed/test/fire/fire_test_1164.jpg,fire,0,smokefire,0.38056275
../dataset/Forect Fire/Forest Fire_Dataset/test/fire/fire_test_1168.jpg,data/processed/test/fire/fire_test_1168.jpg,fire,0,smokefire,0.84506065
../dataset/Forect Fire/Forest Fire_Dataset/test/fire/fire_test_1169.jpg,data/processed/test/fire/fire_test_1169.jpg,fire,0,smokefire,0.6100933
../dataset/Forect Fire/Forest Fire_Dataset/test/fire/fire_test_1170.jpg,data/processed/test/fire/fire_test_1170.jpg,fire,0,smokefire,0.59889734
../dataset/Forect Fire/Forest Fire_Dataset/test/fire/fire_test_1171.jpg,data/processed/test/fire/fire_test_1171.jpg,fire,0,smokefire,0.38121948
../dataset/Forect Fire/Forest Fire_Dataset/test/fire/fire_test_1173.jpg,data/processed/test/fire/fire_test_1173.jpg,fire,0,smoke,0.3894997
../dataset/Forect Fire/Forest Fire_Dataset/test/fire/fire_test_1174.jpg,data/processed/test/fire/fire_test_1174.jpg,fire,0,smokefire,0.35840818
../dataset/Forect Fire/Forest Fire_Dataset/test/fire/fire_test_1175.jpg,data/processed/test/fire/fire_test_1175.jpg,fire,0,smokefire,0.56642586
../dataset/Forect Fire/Forest Fire_Dataset/test/fire/fire_test_1178.jpg,data/processed/test/fire/fire_test_1178.jpg,fire,0,smokefire,0.6904486
../dataset/Forect Fire/Forest Fire_Dataset/test/fire/fire_test_1180.jpg,data/processed/test/fire/fire_test_1180.jpg,fire,0,smokefire,0.6160938
../dataset/Forect Fire/Forest Fire_Dataset/test/fire/fire_test_1184.jpg,data/processed/test/fire/fire_test_1184.jpg,fire,0,smoke,0.58743805
../dataset/Forect Fire/Forest Fire_Dataset/test/fire/fire_test_1188.jpg,data/processed/test/fire/fire_test_1188.jpg,fire,0,smoke,0.6159109
../dataset/Forect Fire/Forest Fire_Dataset/test/fire/fire_test_1191.jpg,data/processed/test/fire/fire_test_1191.jpg,fire,0,smokefire,0.5784638
../dataset/Forect Fire/Forest Fire_Dataset/test/nofire/nofire_test_1001.jpg,data/processed/test/nofire/nofire_test_1001.jpg,nofire,1,fire,0.7182694
../dataset/Forect Fire/Forest Fire_Dataset/test/nofire/nofire_test_1002.jpg,data/processed/test/nofire/nofire_test_1002.jpg,nofire,1,fire,0.85076946
../dataset/Forect Fire/Forest Fire_Dataset/test/nofire/nofire_test_1005.jpg,data/processed/test/nofire/nofire_test_1005.jpg,nofire,1,smokefire,0.57529026
../dataset/Forect Fire/Forest Fire_Dataset/test/nofire/nofire_test_1010.jpg,data/processed/test/nofire/nofire_test_1010.jpg,nofire,1,fire,0.6048695
../dataset/Forect Fire/Forest Fire_Dataset/test/nofire/nofire_test_1019.jpg,data/processed/test/nofire/nofire_test_1019.jpg,nofire,1,smoke,0.59441936
../dataset/Forect Fire/Forest Fire_Dataset/test/nofire/nofire_test_1024.jpg,data/processed/test/nofire/nofire_test_1024.jpg,nofire,1,smoke,0.59055597
../dataset/Forect Fire/Forest Fire_Dataset/test/nofire/nofire_test_1027.jpg,data/processed/test/nofire/nofire_test_1027.jpg,nofire,1,smoke,0.75696164
../dataset/Forect Fire/Forest Fire_Dataset/test/nofire/nofire_test_1031.jpg,data/processed/test/nofire/nofire_test_1031.jpg,nofire,1,fire,0.70758736
../dataset/Forect Fire/Forest Fire_Dataset/test/nofire/nofire_test_1032.jpg,data/processed/test/nofire/nofire_test_1032.jpg,nofire,1,fire,0.51894784
../dataset/Forect Fire/Forest Fire_Dataset/test/nofire/nofire_test_1033.jpg,data/processed/test/nofire/nofire_test_1033.jpg,nofire,1,fire,0.84482884
../dataset/Forect Fire/Forest Fire_Dataset/test/nofire/nofire_test_1040.jpg,data/processed/test/nofire/nofire_test_1040.jpg,nofire,1,smokefire,0.42991033
../dataset/Forect Fire/Forest Fire_Dataset/test/nofire/nofire_test_1041.jpg,data/processed/test/nofire/nofire_test_1041.jpg,nofire,1,smokefire,0.41329098
../dataset/Forect Fire/Forest Fire_Dataset/test/nofire/nofire_test_1042.jpg,data/processed/test/nofire/nofire_test_1042.jpg,nofire,1,smokefire,0.7368705
../dataset/Forect Fire/Forest Fire_Dataset/test/nofire/nofire_test_1044.jpg,data/processed/test/nofire/nofire_test_1044.jpg,nofire,1,smoke,0.785789
../dataset/Forect Fire/Forest Fire_Dataset/test/nofire/nofire_test_1051.jpg,data/processed/test/nofire/nofire_test_1051.jpg,nofire,1,smoke,0.5513561
../dataset/Forect Fire/Forest Fire_Dataset/test/nofire/nofire_test_1053.jpg,data/processed/test/nofire/nofire_test_1053.jpg,nofire,1,smokefire,0.3251893
../dataset/Forect Fire/Forest Fire_Dataset/test/nofire/nofire_test_1059.jpg,data/processed/test/nofire/nofire_test_1059.jpg,nofire,1,smokefire,0.46169725
../dataset/Forect Fire/Forest Fire_Dataset/test/nofire/nofire_test_1063.jpg,data/processed/test/nofire/nofire_test_1063.jpg,nofire,1,smoke,0.67610836
../dataset/Forect Fire/Forest Fire_Dataset/test/nofire/nofire_test_1065.jpg,data/processed/test/nofire/nofire_test_1065.jpg,nofire,1,smokefire,0.4772977
../dataset/Forect Fire/Forest Fire_Dataset/test/nofire/nofire_test_1067.jpg,data/processed/test/nofire/nofire_test_1067.jpg,nofire,1,smoke,0.9600488
../dataset/Forect Fire/Forest Fire_Dataset/test/nofire/nofire_test_1068.jpg,data/processed/test/nofire/nofire_test_1068.jpg,nofire,1,smoke,0.5208384
../dataset/Forect Fire/Forest Fire_Dataset/test/nofire/nofire_test_1075.jpg,data/processed/test/nofire/nofire_test_1075.jpg,nofire,1,smokefire,0.48898208
../dataset/Forect Fire/Forest Fire_Dataset/test/nofire/nofire_test_1081.jpg,data/processed/test/nofire/nofire_test_1081.jpg,nofire,1,smoke,0.66151494
../dataset/Forect Fire/Forest Fire_Dataset/test/nofire/nofire_test_1083.jpg,data/processed/test/nofire/nofire_test_1083.jpg,nofire,1,smoke,0.5997348
../dataset/Forect Fire/Forest Fire_Dataset/test/nofire/nofire_test_1084.jpg,data/processed/test/nofire/nofire_test_1084.jpg,nofire,1,smoke,0.58163035
../dataset/Forect Fire/Forest Fire_Dataset/test/nofire/nofire_test_1086.jpg,data/processed/test/nofire/nofire_test_1086.jpg,nofire,1,smoke,0.5411986
../dataset/Forect Fire/Forest Fire_Dataset/test/nofire/nofire_test_1088.jpg,data/processed/test/nofire/nofire_test_1088.jpg,nofire,1,smoke,0.8248838
../dataset/Forect Fire/Forest Fire_Dataset/test/nofire/nofire_test_1098.jpg,data/processed/test/nofire/nofire_test_1098.jpg,nofire,1,smokefire,0.45240688
../dataset/Forect Fire/Forest Fire_Dataset/test/nofire/nofire_test_1100.jpg,data/processed/test/nofire/nofire_test_1100.jpg,nofire,1,smokefire,0.3356261
../dataset/Forect Fire/Forest Fire_Dataset/test/nofire/nofire_test_1101.jpg,data/processed/test/nofire/nofire_test_1101.jpg,nofire,1,fire,0.4174101
../dataset/Forect Fire/Forest Fire_Dataset/test/nofire/nofire_test_1102.jpg,data/processed/test/nofire/nofire_test_1102.jpg,nofire,1,smokefire,0.49751723
../dataset/Forect Fire/Forest Fire_Dataset/test/nofire/nofire_test_1107.jpg,data/processed/test/nofire/nofire_test_1107.jpg,nofire,1,smokefire,0.43945256
../dataset/Forect Fire/Forest Fire_Dataset/test/nofire/nofire_test_1117.jpg,data/processed/test/nofire/nofire_test_1117.jpg,nofire,1,smoke,0.5015769
../dataset/Forect Fire/Forest Fire_Dataset/test/nofire/nofire_test_1119.jpg,data/processed/test/nofire/nofire_test_1119.jpg,nofire,1,smoke,0.5236621
../dataset/Forect Fire/Forest Fire_Dataset/test/nofire/nofire_test_1123.jpg,data/processed/test/nofire/nofire_test_1123.jpg,nofire,1,smoke,0.6028699
../dataset/Forect Fire/Forest Fire_Dataset/test/nofire/nofire_test_1124.jpg,data/processed/test/nofire/nofire_test_1124.jpg,nofire,1,smoke,0.6884314
../dataset/Forect Fire/Forest Fire_Dataset/test/nofire/nofire_test_1127.jpg,data/processed/test/nofire/nofire_test_1127.jpg,nofire,1,fire,0.76897043
../dataset/Forect Fire/Forest Fire_Dataset/test/nofire/nofire_test_1128.jpg,data/processed/test/nofire/nofire_test_1128.jpg,nofire,1,smoke,0.7121914
../dataset/Forect Fire/Forest Fire_Dataset/test/nofire/nofire_test_1130.jpg,data/processed/test/nofire/nofire_test_1130.jpg,nofire,1,smoke,0.4413497
../dataset/Forect Fire/Forest Fire_Dataset/test/nofire/nofire_test_1131.jpg,data/processed/test/nofire/nofire_test_1131.jpg,nofire,1,smoke,0.721947
../dataset/Forect Fire/Forest Fire_Dataset/test/nofire/nofire_test_1133.jpg,data/processed/test/nofire/nofire_test_1133.jpg,nofire,1,smoke,0.59762716
../dataset/Forect Fire/Forest Fire_Dataset/test/nofire/nofire_test_1134.jpg,data/processed/test/nofire/nofire_test_1134.jpg,nofire,1,fire,0.5610803
../dataset/Forect Fire/Forest Fire_Dataset/test/nofire/nofire_test_1139.jpg,data/processed/test/nofire/nofire_test_1139.jpg,nofire,1,smoke,0.8410632
../dataset/Forect Fire/Forest Fire_Dataset/test/nofire/nofire_test_1155.jpg,data/processed/test/nofire/nofire_test_1155.jpg,nofire,1,smokefire,0.39845255
../dataset/Forect Fire/Forest Fire_Dataset/test/nofire/nofire_test_1158.jpg,data/processed/test/nofire/nofire_test_1158.jpg,nofire,1,smoke,0.5098639
../dataset/Forect Fire/Forest Fire_Dataset/test/nofire/nofire_test_1161.jpg,data/processed/test/nofire/nofire_test_1161.jpg,nofire,1,smokefire,0.5130773
../dataset/Forect Fire/Forest Fire_Dataset/test/nofire/nofire_test_1170.jpg,data/processed/test/nofire/nofire_test_1170.jpg,nofire,1,smokefire,0.72124195
../dataset/Forect Fire/Forest Fire_Dataset/test/nofire/nofire_test_1175.jpg,data/processed/test/nofire/nofire_test_1175.jpg,nofire,1,fire,0.3753507
../dataset/Forect Fire/Forest Fire_Dataset/test/nofire/nofire_test_1177.jpg,data/processed/test/nofire/nofire_test_1177.jpg,nofire,1,smokefire,0.56691384
../dataset/Forect Fire/Forest Fire_Dataset/test/nofire/nofire_test_1196.jpg,data/processed/test/nofire/nofire_test_1196.jpg,nofire,1,smoke,0.4200513
../dataset/Forect Fire/Forest Fire_Dataset/test/nofire/nofire_test_1200.jpg,data/processed/test/nofire/nofire_test_1200.jpg,nofire,1,smoke,0.5762925
../dataset/Forect Fire/Forest Fire_Dataset/test/smoke/smoke_test_1001.jpg,data/processed/test/smoke/smoke_test_1001.jpg,smoke,2,nofire,0.57344615
../dataset/Forect Fire/Forest Fire_Dataset/test/smoke/smoke_test_1005.jpg,data/processed/test/smoke/smoke_test_1005.jpg,smoke,2,nofire,0.8893657
../dataset/Forect Fire/Forest Fire_Dataset/test/smoke/smoke_test_1010.jpg,data/processed/test/smoke/smoke_test_1010.jpg,smoke,2,nofire,0.6690178
../dataset/Forect Fire/Forest Fire_Dataset/test/smoke/smoke_test_1012.jpg,data/processed/test/smoke/smoke_test_1012.jpg,smoke,2,nofire,0.51049024
../dataset/Forect Fire/Forest Fire_Dataset/test/smoke/smoke_test_1014.jpg,data/processed/test/smoke/smoke_test_1014.jpg,smoke,2,nofire,0.6471371
../dataset/Forect Fire/Forest Fire_Dataset/test/smoke/smoke_test_1016.jpg,data/processed/test/smoke/smoke_test_1016.jpg,smoke,2,nofire,0.42219722
../dataset/Forect Fire/Forest Fire_Dataset/test/smoke/smoke_test_1018.jpg,data/processed/test/smoke/smoke_test_1018.jpg,smoke,2,nofire,0.5761899
../dataset/Forect Fire/Forest Fire_Dataset/test/smoke/smoke_test_1022.jpg,data/processed/test/smoke/smoke_test_1022.jpg,smoke,2,nofire,0.5568002
../dataset/Forect Fire/Forest Fire_Dataset/test/smoke/smoke_test_1025.jpg,data/processed/test/smoke/smoke_test_1025.jpg,smoke,2,nofire,0.5595005
../dataset/Forect Fire/Forest Fire_Dataset/test/smoke/smoke_test_1030.jpg,data/processed/test/smoke/smoke_test_1030.jpg,smoke,2,nofire,0.7102576
../dataset/Forect Fire/Forest Fire_Dataset/test/smoke/smoke_test_1031.jpg,data/processed/test/smoke/smoke_test_1031.jpg,smoke,2,nofire,0.5157282
../dataset/Forect Fire/Forest Fire_Dataset/test/smoke/smoke_test_1032.jpg,data/processed/test/smoke/smoke_test_1032.jpg,smoke,2,nofire,0.70635295
../dataset/Forect Fire/Forest Fire_Dataset/test/smoke/smoke_test_1035.jpg,data/processed/test/smoke/smoke_test_1035.jpg,smoke,2,nofire,0.45496073
../dataset/Forect Fire/Forest Fire_Dataset/test/smoke/smoke_test_1036.jpg,data/processed/test/smoke/smoke_test_1036.jpg,smoke,2,smokefire,0.40368047
../dataset/Forect Fire/Forest Fire_Dataset/test/smoke/smoke_test_1044.jpg,data/processed/test/smoke/smoke_test_1044.jpg,smoke,2,nofire,0.55662227
../dataset/Forect Fire/Forest Fire_Dataset/test/smoke/smoke_test_1046.jpg,data/processed/test/smoke/smoke_test_1046.jpg,smoke,2,nofire,0.9435022
../dataset/Forect Fire/Forest Fire_Dataset/test/smoke/smoke_test_1060.jpg,data/processed/test/smoke/smoke_test_1060.jpg,smoke,2,nofire,0.44315824
../dataset/Forect Fire/Forest Fire_Dataset/test/smoke/smoke_test_1064.jpg,data/processed/test/smoke/smoke_test_1064.jpg,smoke,2,smokefire,0.4979779
../dataset/Forect Fire/Forest Fire_Dataset/test/smoke/smoke_test_1066.jpg,data/processed/test/smoke/smoke_test_1066.jpg,smoke,2,nofire,0.546577
../dataset/Forect Fire/Forest Fire_Dataset/test/smoke/smoke_test_1070.jpg,data/processed/test/smoke/smoke_test_1070.jpg,smoke,2,nofire,0.77717435
../dataset/Forect Fire/Forest Fire_Dataset/test/smoke/smoke_test_1082.jpg,data/processed/test/smoke/smoke_test_1082.jpg,smoke,2,nofire,0.48767892
../dataset/Forect Fire/Forest Fire_Dataset/test/smoke/smoke_test_1083.jpg,data/processed/test/smoke/smoke_test_1083.jpg,smoke,2,smokefire,0.39995995
../dataset/Forect Fire/Forest Fire_Dataset/test/smoke/smoke_test_1091.jpg,data/processed/test/smoke/smoke_test_1091.jpg,smoke,2,nofire,0.52713656
../dataset/Forect Fire/Forest Fire_Dataset/test/smoke/smoke_test_1092.jpg,data/processed/test/smoke/smoke_test_1092.jpg,smoke,2,smokefire,0.48439366
../dataset/Forect Fire/Forest Fire_Dataset/test/smoke/smoke_test_1095.jpg,data/processed/test/smoke/smoke_test_1095.jpg,smoke,2,nofire,0.64007777
../dataset/Forect Fire/Forest Fire_Dataset/test/smoke/smoke_test_1096.jpg,data/processed/test/smoke/smoke_test_1096.jpg,smoke,2,nofire,0.7920153
../dataset/Forect Fire/Forest Fire_Dataset/test/smoke/smoke_test_1100.jpg,data/processed/test/smoke/smoke_test_1100.jpg,smoke,2,smokefire,0.5368963
../dataset/Forect Fire/Forest Fire_Dataset/test/smoke/smoke_test_1101.jpg,data/processed/test/smoke/smoke_test_1101.jpg,smoke,2,nofire,0.5823159
../dataset/Forect Fire/Forest Fire_Dataset/test/smoke/smoke_test_1105.jpg,data/processed/test/smoke/smoke_test_1105.jpg,smoke,2,nofire,0.3962531
../dataset/Forect Fire/Forest Fire_Dataset/test/smoke/smoke_test_1115.jpg,data/processed/test/smoke/smoke_test_1115.jpg,smoke,2,nofire,0.5585764
../dataset/Forect Fire/Forest Fire_Dataset/test/smoke/smoke_test_1119.jpg,data/processed/test/smoke/smoke_test_1119.jpg,smoke,2,smokefire,0.50099045
../dataset/Forect Fire/Forest Fire_Dataset/test/smoke/smoke_test_1121.jpg,data/processed/test/smoke/smoke_test_1121.jpg,smoke,2,smokefire,0.6092491
../dataset/Forect Fire/Forest Fire_Dataset/test/smoke/smoke_test_1122.jpg,data/processed/test/smoke/smoke_test_1122.jpg,smoke,2,smokefire,0.44316733
../dataset/Forect Fire/Forest Fire_Dataset/test/smoke/smoke_test_1123.jpg,data/processed/test/smoke/smoke_test_1123.jpg,smoke,2,nofire,0.49591053
../dataset/Forect Fire/Forest Fire_Dataset/test/smoke/smoke_test_1128.jpg,data/processed/test/smoke/smoke_test_1128.jpg,smoke,2,nofire,0.90580505
../dataset/Forect Fire/Forest Fire_Dataset/test/smoke/smoke_test_1141.jpg,data/processed/test/smoke/smoke_test_1141.jpg,smoke,2,smokefire,0.73228437
../dataset/Forect Fire/Forest Fire_Dataset/test/smoke/smoke_test_1142.jpg,data/processed/test/smoke/smoke_test_1142.jpg,smoke,2,nofire,0.6442038
../dataset/Forect Fire/Forest Fire_Dataset/test/smoke/smoke_test_1145.jpg,data/processed/test/smoke/smoke_test_1145.jpg,smoke,2,nofire,0.5414
../dataset/Forect Fire/Forest Fire_Dataset/test/smoke/smoke_test_1148.jpg,data/processed/test/smoke/smoke_test_1148.jpg,smoke,2,nofire,0.46141794
../dataset/Forect Fire/Forest Fire_Dataset/test/smoke/smoke_test_1154.jpg,data/processed/test/smoke/smoke_test_1154.jpg,smoke,2,nofire,0.68637145
../dataset/Forect Fire/Forest Fire_Dataset/test/smoke/smoke_test_1157.jpg,data/processed/test/smoke/smoke_test_1157.jpg,smoke,2,nofire,0.7682115
../dataset/Forect Fire/Forest Fire_Dataset/test/smoke/smoke_test_1165.jpg,data/processed/test/smoke/smoke_test_1165.jpg,smoke,2,nofire,0.7317527
../dataset/Forect Fire/Forest Fire_Dataset/test/smoke/smoke_test_1178.jpg,data/processed/test/smoke/smoke_test_1178.jpg,smoke,2,nofire,0.47853705
../dataset/Forect Fire/Forest Fire_Dataset/test/smoke/smoke_test_1182.jpg,data/processed/test/smoke/smoke_test_1182.jpg,smoke,2,nofire,0.5142696
../dataset/Forect Fire/Forest Fire_Dataset/test/smoke/smoke_test_1184.jpg,data/processed/test/smoke/smoke_test_1184.jpg,smoke,2,nofire,0.5963062
../dataset/Forect Fire/Forest Fire_Dataset/test/smoke/smoke_test_1190.jpg,data/processed/test/smoke/smoke_test_1190.jpg,smoke,2,nofire,0.50890154
../dataset/Forect Fire/Forest Fire_Dataset/test/smoke/smoke_test_1192.jpg,data/processed/test/smoke/smoke_test_1192.jpg,smoke,2,nofire,0.75545084
../dataset/Forect Fire/Forest Fire_Dataset/test/smoke/smoke_test_1193.jpg,data/processed/test/smoke/smoke_test_1193.jpg,smoke,2,smokefire,0.54684
../dataset/Forect Fire/Forest Fire_Dataset/test/smoke/smoke_test_1195.jpg,data/processed/test/smoke/smoke_test_1195.jpg,smoke,2,nofire,0.35573295
../dataset/Forect Fire/Forest Fire_Dataset/test/smoke/smoke_test_1196.jpg,data/processed/test/smoke/smoke_test_1196.jpg,smoke,2,nofire,0.67537093
../dataset/Forect Fire/Forest Fire_Dataset/test/smoke/smoke_test_1197.jpg,data/processed/test/smoke/smoke_test_1197.jpg,smoke,2,nofire,0.6708693
../dataset/Forect Fire/Forest Fire_Dataset/test/smoke/smoke_test_1200.jpg,data/processed/test/smoke/smoke_test_1200.jpg,smoke,2,nofire,0.53223234
../dataset/Forect Fire/Forest Fire_Dataset/test/smokefire/smokefire_test_1001.jpg,data/processed/test/smokefire/smokefire_test_1001.jpg,smokefire,3,smoke,0.5697864
../dataset/Forect Fire/Forest Fire_Dataset/test/smokefire/smokefire_test_1005.jpg,data/processed/test/smokefire/smokefire_test_1005.jpg,smokefire,3,nofire,0.8163884
../dataset/Forect Fire/Forest Fire_Dataset/test/smokefire/smokefire_test_1006.jpg,data/processed/test/smokefire/smokefire_test_1006.jpg,smokefire,3,smoke,0.79664123
../dataset/Forect Fire/Forest Fire_Dataset/test/smokefire/smokefire_test_1008.jpg,data/processed/test/smokefire/smokefire_test_1008.jpg,smokefire,3,fire,0.3800268
../dataset/Forect Fire/Forest Fire_Dataset/test/smokefire/smokefire_test_1009.jpg,data/processed/test/smokefire/smokefire_test_1009.jpg,smokefire,3,smoke,0.7650128
../dataset/Forect Fire/Forest Fire_Dataset/test/smokefire/smokefire_test_1011.jpg,data/processed/test/smokefire/smokefire_test_1011.jpg,smokefire,3,nofire,0.62354714
../dataset/Forect Fire/Forest Fire_Dataset/test/smokefire/smokefire_test_1012.jpg,data/processed/test/smokefire/smokefire_test_1012.jpg,smokefire,3,smoke,0.8422583
../dataset/Forect Fire/Forest Fire_Dataset/test/smokefire/smokefire_test_1013.jpg,data/processed/test/smokefire/smokefire_test_1013.jpg,smokefire,3,smoke,0.524387
../dataset/Forect Fire/Forest Fire_Dataset/test/smokefire/smokefire_test_1019.jpg,data/processed/test/smokefire/smokefire_test_1019.jpg,smokefire,3,smoke,0.565911
../dataset/Forect Fire/Forest Fire_Dataset/test/smokefire/smokefire_test_1022.jpg,data/processed/test/smokefire/smokefire_test_1022.jpg,smokefire,3,smoke,0.5819202
../dataset/Forect Fire/Forest Fire_Dataset/test/smokefire/smokefire_test_1023.jpg,data/processed/test/smokefire/smokefire_test_1023.jpg,smokefire,3,smoke,0.8123899
../dataset/Forect Fire/Forest Fire_Dataset/test/smokefire/smokefire_test_1024.jpg,data/processed/test/smokefire/smokefire_test_1024.jpg,smokefire,3,smoke,0.45098665
../dataset/Forect Fire/Forest Fire_Dataset/test/smokefire/smokefire_test_1025.jpg,data/processed/test/smokefire/smokefire_test_1025.jpg,smokefire,3,nofire,0.5032867
../dataset/Forect Fire/Forest Fire_Dataset/test/smokefire/smokefire_test_1026.jpg,data/processed/test/smokefire/smokefire_test_1026.jpg,smokefire,3,smoke,0.69553244
../dataset/Forect Fire/Forest Fire_Dataset/test/smokefire/smokefire_test_1027.jpg,data/processed/test/smokefire/smokefire_test_1027.jpg,smokefire,3,fire,0.6488932
../dataset/Forect Fire/Forest Fire_Dataset/test/smokefire/smokefire_test_1028.jpg,data/processed/test/smokefire/smokefire_test_1028.jpg,smokefire,3,smoke,0.61023456
../dataset/Forect Fire/Forest Fire_Dataset/test/smokefire/smokefire_test_1030.jpg,data/processed/test/smokefire/smokefire_test_1030.jpg,smokefire,3,smoke,0.8052751
../dataset/Forect Fire/Forest Fire_Dataset/test/smokefire/smokefire_test_1031.jpg,data/processed/test/smokefire/smokefire_test_1031.jpg,smokefire,3,smoke,0.85682046
../dataset/Forect Fire/Forest Fire_Dataset/test/smokefire/smokefire_test_1033.jpg,data/processed/test/smokefire/smokefire_test_1033.jpg,smokefire,3,smoke,0.57410586
../dataset/Forect Fire/Forest Fire_Dataset/test/smokefire/smokefire_test_1034.jpg,data/processed/test/smokefire/smokefire_test_1034.jpg,smokefire,3,fire,0.57985413
../dataset/Forect Fire/Forest Fire_Dataset/test/smokefire/smokefire_test_1035.jpg,data/processed/test/smokefire/smokefire_test_1035.jpg,smokefire,3,nofire,0.4340959
../dataset/Forect Fire/Forest Fire_Dataset/test/smokefire/smokefire_test_1036.jpg,data/processed/test/smokefire/smokefire_test_1036.jpg,smokefire,3,smoke,0.6076459
../dataset/Forect Fire/Forest Fire_Dataset/test/smokefire/smokefire_test_1037.jpg,data/processed/test/smokefire/smokefire_test_1037.jpg,smokefire,3,smoke,0.72831565
../dataset/Forect Fire/Forest Fire_Dataset/test/smokefire/smokefire_test_1038.jpg,data/processed/test/smokefire/smokefire_test_1038.jpg,smokefire,3,nofire,0.7031873
../dataset/Forect Fire/Forest Fire_Dataset/test/smokefire/smokefire_test_1041.jpg,data/processed/test/smokefire/smokefire_test_1041.jpg,smokefire,3,fire,0.6442768
../dataset/Forect Fire/Forest Fire_Dataset/test/smokefire/smokefire_test_1043.jpg,data/processed/test/smokefire/smokefire_test_1043.jpg,smokefire,3,fire,0.49022222
../dataset/Forect Fire/Forest Fire_Dataset/test/smokefire/smokefire_test_1044.jpg,data/processed/test/smokefire/smokefire_test_1044.jpg,smokefire,3,smoke,0.5925787
../dataset/Forect Fire/Forest Fire_Dataset/test/smokefire/smokefire_test_1048.jpg,data/processed/test/smokefire/smokefire_test_1048.jpg,smokefire,3,smoke,0.6558946
../dataset/Forect Fire/Forest Fire_Dataset/test/smokefire/smokefire_test_1049.jpg,data/processed/test/smokefire/smokefire_test_1049.jpg,smokefire,3,nofire,0.91331196
../dataset/Forect Fire/Forest Fire_Dataset/test/smokefire/smokefire_test_1050.jpg,data/processed/test/smokefire/smokefire_test_1050.jpg,smokefire,3,smoke,0.7025724
../dataset/Forect Fire/Forest Fire_Dataset/test/smokefire/smokefire_test_1051.jpg,data/processed/test/smokefire/smokefire_test_1051.jpg,smokefire,3,smoke,0.70663965
../dataset/Forect Fire/Forest Fire_Dataset/test/smokefire/smokefire_test_1056.jpg,data/processed/test/smokefire/smokefire_test_1056.jpg,smokefire,3,fire,0.5616608
../dataset/Forect Fire/Forest Fire_Dataset/test/smokefire/smokefire_test_1057.jpg,data/processed/test/smokefire/smokefire_test_1057.jpg,smokefire,3,smoke,0.5803048
../dataset/Forect Fire/Forest Fire_Dataset/test/smokefire/smokefire_test_1058.jpg,data/processed/test/smokefire/smokefire_test_1058.jpg,smokefire,3,smoke,0.83224964
../dataset/Forect Fire/Forest Fire_Dataset/test/smokefire/smokefire_test_1060.jpg,data/processed/test/smokefire/smokefire_test_1060.jpg,smokefire,3,nofire,0.67081076
../dataset/Forect Fire/Forest Fire_Dataset/test/smokefire/smokefire_test_1061.jpg,data/processed/test/smokefire/smokefire_test_1061.jpg,smokefire,3,fire,0.69369566
../dataset/Forect Fire/Forest Fire_Dataset/test/smokefire/smokefire_test_1063.jpg,data/processed/test/smokefire/smokefire_test_1063.jpg,smokefire,3,smoke,0.5845805
../dataset/Forect Fire/Forest Fire_Dataset/test/smokefire/smokefire_test_1064.jpg,data/processed/test/smokefire/smokefire_test_1064.jpg,smokefire,3,smoke,0.7891766
../dataset/Forect Fire/Forest Fire_Dataset/test/smokefire/smokefire_test_1066.jpg,data/processed/test/smokefire/smokefire_test_1066.jpg,smokefire,3,smoke,0.6173706
../dataset/Forect Fire/Forest Fire_Dataset/test/smokefire/smokefire_test_1067.jpg,data/processed/test/smokefire/smokefire_test_1067.jpg,smokefire,3,nofire,0.506838
../dataset/Forect Fire/Forest Fire_Dataset/test/smokefire/smokefire_test_1069.jpg,data/processed/test/smokefire/smokefire_test_1069.jpg,smokefire,3,fire,0.5999271
../dataset/Forect Fire/Forest Fire_Dataset/test/smokefire/smokefire_test_1071.jpg,data/processed/test/smokefire/smokefire_test_1071.jpg,smokefire,3,fire,0.5061029
../dataset/Forect Fire/Forest Fire_Dataset/test/smokefire/smokefire_test_1072.jpg,data/processed/test/smokefire/smokefire_test_1072.jpg,smokefire,3,smoke,0.889066
../dataset/Forect Fire/Forest Fire_Dataset/test/smokefire/smokefire_test_1073.jpg,data/processed/test/smokefire/smokefire_test_1073.jpg,smokefire,3,smoke,0.6171351
../dataset/Forect Fire/Forest Fire_Dataset/test/smokefire/smokefire_test_1074.jpg,data/processed/test/smokefire/smokefire_test_1074.jpg,smokefire,3,smoke,0.8338191
../dataset/Forect Fire/Forest Fire_Dataset/test/smokefire/smokefire_test_1075.jpg,data/processed/test/smokefire/smokefire_test_1075.jpg,smokefire,3,smoke,0.5196256
../dataset/Forect Fire/Forest Fire_Dataset/test/smokefire/smokefire_test_1076.jpg,data/processed/test/smokefire/smokefire_test_1076.jpg,smokefire,3,smoke,0.76684093
../dataset/Forect Fire/Forest Fire_Dataset/test/smokefire/smokefire_test_1078.jpg,data/processed/test/smokefire/smokefire_test_1078.jpg,smokefire,3,nofire,0.64018697
../dataset/Forect Fire/Forest Fire_Dataset/test/smokefire/smokefire_test_1079.jpg,data/processed/test/smokefire/smokefire_test_1079.jpg,smokefire,3,nofire,0.36046576
../dataset/Forect Fire/Forest Fire_Dataset/test/smokefire/smokefire_test_1081.jpg,data/processed/test/smokefire/smokefire_test_1081.jpg,smokefire,3,smoke,0.89300144
../dataset/Forect Fire/Forest Fire_Dataset/test/smokefire/smokefire_test_1082.jpg,data/processed/test/smokefire/smokefire_test_1082.jpg,smokefire,3,smoke,0.76168185
../dataset/Forect Fire/Forest Fire_Dataset/test/smokefire/smokefire_test_1083.jpg,data/processed/test/smokefire/smokefire_test_1083.jpg,smokefire,3,fire,0.5005339
../dataset/Forect Fire/Forest Fire_Dataset/test/smokefire/smokefire_test_1084.jpg,data/processed/test/smokefire/smokefire_test_1084.jpg,smokefire,3,smoke,0.50356853
../dataset/Forect Fire/Forest Fire_Dataset/test/smokefire/smokefire_test_1086.jpg,data/processed/test/smokefire/smokefire_test_1086.jpg,smokefire,3,fire,0.5781418
../dataset/Forect Fire/Forest Fire_Dataset/test/smokefire/smokefire_test_1087.jpg,data/processed/test/smokefire/smokefire_test_1087.jpg,smokefire,3,nofire,0.42076498
../dataset/Forect Fire/Forest Fire_Dataset/test/smokefire/smokefire_test_1088.jpg,data/processed/test/smokefire/smokefire_test_1088.jpg,smokefire,3,smoke,0.5270593
../dataset/Forect Fire/Forest Fire_Dataset/test/smokefire/smokefire_test_1089.jpg,data/processed/test/smokefire/smokefire_test_1089.jpg,smokefire,3,nofire,0.754322
../dataset/Forect Fire/Forest Fire_Dataset/test/smokefire/smokefire_test_1090.jpg,data/processed/test/smokefire/smokefire_test_1090.jpg,smokefire,3,fire,0.54295266
../dataset/Forect Fire/Forest Fire_Dataset/test/smokefire/smokefire_test_1092.jpg,data/processed/test/smokefire/smokefire_test_1092.jpg,smokefire,3,smoke,0.90078473
../dataset/Forect Fire/Forest Fire_Dataset/test/smokefire/smokefire_test_1093.jpg,data/processed/test/smokefire/smokefire_test_1093.jpg,smokefire,3,fire,0.70367515
../dataset/Forect Fire/Forest Fire_Dataset/test/smokefire/smokefire_test_1094.jpg,data/processed/test/smokefire/smokefire_test_1094.jpg,smokefire,3,smoke,0.6284567
../dataset/Forect Fire/Forest Fire_Dataset/test/smokefire/smokefire_test_1095.jpg,data/processed/test/smokefire/smokefire_test_1095.jpg,smokefire,3,smoke,0.42839018
../dataset/Forect Fire/Forest Fire_Dataset/test/smokefire/smokefire_test_1096.jpg,data/processed/test/smokefire/smokefire_test_1096.jpg,smokefire,3,smoke,0.77023363
../dataset/Forect Fire/Forest Fire_Dataset/test/smokefire/smokefire_test_1098.jpg,data/processed/test/smokefire/smokefire_test_1098.jpg,smokefire,3,nofire,0.3956636
../dataset/Forect Fire/Forest Fire_Dataset/test/smokefire/smokefire_test_1099.jpg,data/processed/test/smokefire/smokefire_test_1099.jpg,smokefire,3,fire,0.5012099
../dataset/Forect Fire/Forest Fire_Dataset/test/smokefire/smokefire_test_1100.jpg,data/processed/test/smokefire/smokefire_test_1100.jpg,smokefire,3,smoke,0.37180158
../dataset/Forect Fire/Forest Fire_Dataset/test/smokefire/smokefire_test_1101.jpg,data/processed/test/smokefire/smokefire_test_1101.jpg,smokefire,3,nofire,0.8191433
../dataset/Forect Fire/Forest Fire_Dataset/test/smokefire/smokefire_test_1102.jpg,data/processed/test/smokefire/smokefire_test_1102.jpg,smokefire,3,fire,0.62435967
../dataset/Forect Fire/Forest Fire_Dataset/test/smokefire/smokefire_test_1104.jpg,data/processed/test/smokefire/smokefire_test_1104.jpg,smokefire,3,smoke,0.7676485
../dataset/Forect Fire/Forest Fire_Dataset/test/smokefire/smokefire_test_1106.jpg,data/processed/test/smokefire/smokefire_test_1106.jpg,smokefire,3,fire,0.37280515
../dataset/Forect Fire/Forest Fire_Dataset/test/smokefire/smokefire_test_1108.jpg,data/processed/test/smokefire/smokefire_test_1108.jpg,smokefire,3,fire,0.6258563
../dataset/Forect Fire/Forest Fire_Dataset/test/smokefire/smokefire_test_1109.jpg,data/processed/test/smokefire/smokefire_test_1109.jpg,smokefire,3,smoke,0.90677255
../dataset/Forect Fire/Forest Fire_Dataset/test/smokefire/smokefire_test_1110.jpg,data/processed/test/smokefire/smokefire_test_1110.jpg,smokefire,3,smoke,0.79560244
../dataset/Forect Fire/Forest Fire_Dataset/test/smokefire/smokefire_test_1111.jpg,data/processed/test/smokefire/smokefire_test_1111.jpg,smokefire,3,nofire,0.8735827
../dataset/Forect Fire/Forest Fire_Dataset/test/smokefire/smokefire_test_1112.jpg,data/processed/test/smokefire/smokefire_test_1112.jpg,smokefire,3,smoke,0.62505436
../dataset/Forect Fire/Forest Fire_Dataset/test/smokefire/smokefire_test_1113.jpg,data/processed/test/smokefire/smokefire_test_1113.jpg,smokefire,3,smoke,0.73318493
../dataset/Forect Fire/Forest Fire_Dataset/test/smokefire/smokefire_test_1114.jpg,data/processed/test/smokefire/smokefire_test_1114.jpg,smokefire,3,nofire,0.36143085
../dataset/Forect Fire/Forest Fire_Dataset/test/smokefire/smokefire_test_1115.jpg,data/processed/test/smokefire/smokefire_test_1115.jpg,smokefire,3,smoke,0.5212544
../dataset/Forect Fire/Forest Fire_Dataset/test/smokefire/smokefire_test_1116.jpg,data/processed/test/smokefire/smokefire_test_1116.jpg,smokefire,3,nofire,0.41321987
../dataset/Forect Fire/Forest Fire_Dataset/test/smokefire/smokefire_test_1117.jpg,data/processed/test/smokefire/smokefire_test_1117.jpg,smokefire,3,smoke,0.6866365
../dataset/Forect Fire/Forest Fire_Dataset/test/smokefire/smokefire_test_1119.jpg,data/processed/test/smokefire/smokefire_test_1119.jpg,smokefire,3,nofire,0.5981425
../dataset/Forect Fire/Forest Fire_Dataset/test/smokefire/smokefire_test_1121.jpg,data/processed/test/smokefire/smokefire_test_1121.jpg,smokefire,3,fire,0.70444775
../dataset/Forect Fire/Forest Fire_Dataset/test/smokefire/smokefire_test_1122.jpg,data/processed/test/smokefire/smokefire_test_1122.jpg,smokefire,3,fire,0.5667996
../dataset/Forect Fire/Forest Fire_Dataset/test/smokefire/smokefire_test_1123.jpg,data/processed/test/smokefire/smokefire_test_1123.jpg,smokefire,3,smoke,0.45300868
../dataset/Forect Fire/Forest Fire_Dataset/test/smokefire/smokefire_test_1124.jpg,data/processed/test/smokefire/smokefire_test_1124.jpg,smokefire,3,smoke,0.80337
../dataset/Forect Fire/Forest Fire_Dataset/test/smokefire/smokefire_test_1126.jpg,data/processed/test/smokefire/smokefire_test_1126.jpg,smokefire,3,nofire,0.5982252
../dataset/Forect Fire/Forest Fire_Dataset/test/smokefire/smokefire_test_1128.jpg,data/processed/test/smokefire/smokefire_test_1128.jpg,smokefire,3,nofire,0.36335984
../dataset/Forect Fire/Forest Fire_Dataset/test/smokefire/smokefire_test_1129.jpg,data/processed/test/smokefire/smokefire_test_1129.jpg,smokefire,3,smoke,0.8711373
../dataset/Forect Fire/Forest Fire_Dataset/test/smokefire/smokefire_test_1134.jpg,data/processed/test/smokefire/smokefire_test_1134.jpg,smokefire,3,smoke,0.69183147
../dataset/Forect Fire/Forest Fire_Dataset/test/smokefire/smokefire_test_1135.jpg,data/processed/test/smokefire/smokefire_test_1135.jpg,smokefire,3,fire,0.689962
../dataset/Forect Fire/Forest Fire_Dataset/test/smokefire/smokefire_test_1136.jpg,data/processed/test/smokefire/smokefire_test_1136.jpg,smokefire,3,smoke,0.8554743
../dataset/Forect Fire/Forest Fire_Dataset/test/smokefire/smokefire_test_1137.jpg,data/processed/test/smokefire/smokefire_test_1137.jpg,smokefire,3,smoke,0.5307257
../dataset/Forect Fire/Forest Fire_Dataset/test/smokefire/smokefire_test_1138.jpg,data/processed/test/smokefire/smokefire_test_1138.jpg,smokefire,3,nofire,0.84671867
../dataset/Forect Fire/Forest Fire_Dataset/test/smokefire/smokefire_test_1139.jpg,data/processed/test/smokefire/smokefire_test_1139.jpg,smokefire,3,smoke,0.5101794
../dataset/Forect Fire/Forest Fire_Dataset/test/smokefire/smokefire_test_1141.jpg,data/processed/test/smokefire/smokefire_test_1141.jpg,smokefire,3,smoke,0.7962028
../dataset/Forect Fire/Forest Fire_Dataset/test/smokefire/smokefire_test_1142.jpg,data/processed/test/smokefire/smokefire_test_1142.jpg,smokefire,3,smoke,0.4148502
../dataset/Forect Fire/Forest Fire_Dataset/test/smokefire/smokefire_test_1143.jpg,data/processed/test/smokefire/smokefire_test_1143.jpg,smokefire,3,smoke,0.8599374
../dataset/Forect Fire/Forest Fire_Dataset/test/smokefire/smokefire_test_1144.jpg,data/processed/test/smokefire/smokefire_test_1144.jpg,smokefire,3,smoke,0.5089763
../dataset/Forect Fire/Forest Fire_Dataset/test/smokefire/smokefire_test_1145.jpg,data/processed/test/smokefire/smokefire_test_1145.jpg,smokefire,3,smoke,0.8346044
../dataset/Forect Fire/Forest Fire_Dataset/test/smokefire/smokefire_test_1146.jpg,data/processed/test/smokefire/smokefire_test_1146.jpg,smokefire,3,smoke,0.9155805
../dataset/Forect Fire/Forest Fire_Dataset/test/smokefire/smokefire_test_1147.jpg,data/processed/test/smokefire/smokefire_test_1147.jpg,smokefire,3,smoke,0.592109
../dataset/Forect Fire/Forest Fire_Dataset/test/smokefire/smokefire_test_1148.jpg,data/processed/test/smokefire/smokefire_test_1148.jpg,smokefire,3,fire,0.53808707
../dataset/Forect Fire/Forest Fire_Dataset/test/smokefire/smokefire_test_1153.jpg,data/processed/test/smokefire/smokefire_test_1153.jpg,smokefire,3,smoke,0.82380825
../dataset/Forect Fire/Forest Fire_Dataset/test/smokefire/smokefire_test_1155.jpg,data/processed/test/smokefire/smokefire_test_1155.jpg,smokefire,3,nofire,0.67979854
../dataset/Forect Fire/Forest Fire_Dataset/test/smokefire/smokefire_test_1159.jpg,data/processed/test/smokefire/smokefire_test_1159.jpg,smokefire,3,smoke,0.81438786
../dataset/Forect Fire/Forest Fire_Dataset/test/smokefire/smokefire_test_1160.jpg,data/processed/test/smokefire/smokefire_test_1160.jpg,smokefire,3,nofire,0.7723797
../dataset/Forect Fire/Forest Fire_Dataset/test/smokefire/smokefire_test_1161.jpg,data/processed/test/smokefire/smokefire_test_1161.jpg,smokefire,3,smoke,0.5930612
../dataset/Forect Fire/Forest Fire_Dataset/test/smokefire/smokefire_test_1162.jpg,data/processed/test/smokefire/smokefire_test_1162.jpg,smokefire,3,smoke,0.8800854
../dataset/Forect Fire/Forest Fire_Dataset/test/smokefire/smokefire_test_1163.jpg,data/processed/test/smokefire/smokefire_test_1163.jpg,smokefire,3,nofire,0.35210893
../dataset/Forect Fire/Forest Fire_Dataset/test/smokefire/smokefire_test_1165.jpg,data/processed/test/smokefire/smokefire_test_1165.jpg,smokefire,3,smoke,0.5953634
../dataset/Forect Fire/Forest Fire_Dataset/test/smokefire/smokefire_test_1166.jpg,data/processed/test/smokefire/smokefire_test_1166.jpg,smokefire,3,fire,0.4183337
../dataset/Forect Fire/Forest Fire_Dataset/test/smokefire/smokefire_test_1167.jpg,data/processed/test/smokefire/smokefire_test_1167.jpg,smokefire,3,smoke,0.56754845
../dataset/Forect Fire/Forest Fire_Dataset/test/smokefire/smokefire_test_1169.jpg,data/processed/test/smokefire/smokefire_test_1169.jpg,smokefire,3,smoke,0.7444147
../dataset/Forect Fire/Forest Fire_Dataset/test/smokefire/smokefire_test_1171.jpg,data/processed/test/smokefire/smokefire_test_1171.jpg,smokefire,3,smoke,0.9519019
../dataset/Forect Fire/Forest Fire_Dataset/test/smokefire/smokefire_test_1172.jpg,data/processed/test/smokefire/smokefire_test_1172.jpg,smokefire,3,nofire,0.78579855
../dataset/Forect Fire/Forest Fire_Dataset/test/smokefire/smokefire_test_1173.jpg,data/processed/test/smokefire/smokefire_test_1173.jpg,smokefire,3,smoke,0.7798474
../dataset/Forect Fire/Forest Fire_Dataset/test/smokefire/smokefire_test_1175.jpg,data/processed/test/smokefire/smokefire_test_1175.jpg,smokefire,3,smoke,0.81111693
../dataset/Forect Fire/Forest Fire_Dataset/test/smokefire/smokefire_test_1177.jpg,data/processed/test/smokefire/smokefire_test_1177.jpg,smokefire,3,smoke,0.45206547
../dataset/Forect Fire/Forest Fire_Dataset/test/smokefire/smokefire_test_1178.jpg,data/processed/test/smokefire/smokefire_test_1178.jpg,smokefire,3,nofire,0.52475923
../dataset/Forect Fire/Forest Fire_Dataset/test/smokefire/smokefire_test_1179.jpg,data/processed/test/smokefire/smokefire_test_1179.jpg,smokefire,3,smoke,0.72907937
../dataset/Forect Fire/Forest Fire_Dataset/test/smokefire/smokefire_test_1180.jpg,data/processed/test/smokefire/smokefire_test_1180.jpg,smokefire,3,nofire,0.7193843
../dataset/Forect Fire/Forest Fire_Dataset/test/smokefire/smokefire_test_1181.jpg,data/processed/test/smokefire/smokefire_test_1181.jpg,smokefire,3,smoke,0.6059091
../dataset/Forect Fire/Forest Fire_Dataset/test/smokefire/smokefire_test_1182.jpg,data/processed/test/smokefire/smokefire_test_1182.jpg,smokefire,3,smoke,0.8936351
../dataset/Forect Fire/Forest Fire_Dataset/test/smokefire/smokefire_test_1183.jpg,data/processed/test/smokefire/smokefire_test_1183.jpg,smokefire,3,fire,0.5665477
../dataset/Forect Fire/Forest Fire_Dataset/test/smokefire/smokefire_test_1184.jpg,data/processed/test/smokefire/smokefire_test_1184.jpg,smokefire,3,fire,0.60199416
../dataset/Forect Fire/Forest Fire_Dataset/test/smokefire/smokefire_test_1185.jpg,data/processed/test/smokefire/smokefire_test_1185.jpg,smokefire,3,smoke,0.4300843
../dataset/Forect Fire/Forest Fire_Dataset/test/smokefire/smokefire_test_1186.jpg,data/processed/test/smokefire/smokefire_test_1186.jpg,smokefire,3,smoke,0.69374704
../dataset/Forect Fire/Forest Fire_Dataset/test/smokefire/smokefire_test_1188.jpg,data/processed/test/smokefire/smokefire_test_1188.jpg,smokefire,3,smoke,0.79438555
../dataset/Forect Fire/Forest Fire_Dataset/test/smokefire/smokefire_test_1189.jpg,data/processed/test/smokefire/smokefire_test_1189.jpg,smokefire,3,smoke,0.7345298
../dataset/Forect Fire/Forest Fire_Dataset/test/smokefire/smokefire_test_1190.jpg,data/processed/test/smokefire/smokefire_test_1190.jpg,smokefire,3,nofire,0.5261991
../dataset/Forect Fire/Forest Fire_Dataset/test/smokefire/smokefire_test_1191.jpg,data/processed/test/smokefire/smokefire_test_1191.jpg,smokefire,3,nofire,0.38389796
../dataset/Forect Fire/Forest Fire_Dataset/test/smokefire/smokefire_test_1192.jpg,data/processed/test/smokefire/smokefire_test_1192.jpg,smokefire,3,smoke,0.7284579
../dataset/Forect Fire/Forest Fire_Dataset/test/smokefire/smokefire_test_1193.jpg,data/processed/test/smokefire/smokefire_test_1193.jpg,smokefire,3,nofire,0.55504805
../dataset/Forect Fire/Forest Fire_Dataset/test/smokefire/smokefire_test_1195.jpg,data/processed/test/smokefire/smokefire_test_1195.jpg,smokefire,3,fire,0.5035831
../dataset/Forect Fire/Forest Fire_Dataset/test/smokefire/smokefire_test_1196.jpg,data/processed/test/smokefire/smokefire_test_1196.jpg,smokefire,3,nofire,0.76953775
../dataset/Forect Fire/Forest Fire_Dataset/test/smokefire/smokefire_test_1197.jpg,data/processed/test/smokefire/smokefire_test_1197.jpg,smokefire,3,smoke,0.72889405
../dataset/Forect Fire/Forest Fire_Dataset/test/smokefire/smokefire_test_1198.jpg,data/processed/test/smokefire/smokefire_test_1198.jpg,smokefire,3,smoke,0.8307616
../dataset/Forect Fire/Forest Fire_Dataset/test/smokefire/smokefire_test_1199.jpg,data/processed/test/smokefire/smokefire_test_1199.jpg,smokefire,3,nofire,0.81805384
../dataset/Forect Fire/Forest Fire_Dataset/test/smokefire/smokefire_test_1200.jpg,data/processed/test/smokefire/smokefire_test_1200.jpg,smokefire,3,smoke,0.4425883
