filepath,processed_filepath,label,class_index,predicted_index,predicted_label,confidence
test/fire/fire_test_1002.jpg,data/processed/test/fire/fire_test_1002.jpg,fire,0,1,nofire,0.5259876
test/fire/fire_test_1006.jpg,data/processed/test/fire/fire_test_1006.jpg,fire,0,3,smokefire,0.9503081
test/fire/fire_test_1013.jpg,data/processed/test/fire/fire_test_1013.jpg,fire,0,3,smokefire,0.96674126
test/fire/fire_test_1015.jpg,data/processed/test/fire/fire_test_1015.jpg,fire,0,1,nofire,0.8606791
test/fire/fire_test_1022.jpg,data/processed/test/fire/fire_test_1022.jpg,fire,0,3,smokefire,0.45154214
test/fire/fire_test_1023.jpg,data/processed/test/fire/fire_test_1023.jpg,fire,0,3,smokefire,0.69657165
test/fire/fire_test_1030.jpg,data/processed/test/fire/fire_test_1030.jpg,fire,0,1,nofire,0.4964318
test/fire/fire_test_1032.jpg,data/processed/test/fire/fire_test_1032.jpg,fire,0,1,nofire,0.83837116
test/fire/fire_test_1033.jpg,data/processed/test/fire/fire_test_1033.jpg,fire,0,3,smokefire,0.9822407
test/fire/fire_test_1035.jpg,data/processed/test/fire/fire_test_1035.jpg,fire,0,3,smokefire,0.73878956
test/fire/fire_test_1036.jpg,data/processed/test/fire/fire_test_1036.jpg,fire,0,3,smokefire,0.48938024
test/fire/fire_test_1037.jpg,data/processed/test/fire/fire_test_1037.jpg,fire,0,3,smokefire,0.93040556
test/fire/fire_test_1038.jpg,data/processed/test/fire/fire_test_1038.jpg,fire,0,3,smokefire,0.60923415
test/fire/fire_test_1039.jpg,data/processed/test/fire/fire_test_1039.jpg,fire,0,3,smokefire,0.5018021
test/fire/fire_test_1041.jpg,data/processed/test/fire/fire_test_1041.jpg,fire,0,3,smokefire,0.9730512
test/fire/fire_test_1042.jpg,data/processed/test/fire/fire_test_1042.jpg,fire,0,3,smokefire,0.66250044
test/fire/fire_test_1044.jpg,data/processed/test/fire/fire_test_1044.jpg,fire,0,1,nofire,0.80857366
test/fire/fire_test_1046.jpg,data/processed/test/fire/fire_test_1046.jpg,fire,0,3,smokefire,0.92468077
test/fire/fire_test_1048.jpg,data/processed/test/fire/fire_test_1048.jpg,fire,0,3,smokefire,0.8096173
test/fire/fire_test_1049.jpg,data/processed/test/fire/fire_test_1049.jpg,fire,0,3,smokefire,0.9237916
test/fire/fire_test_1051.jpg,data/processed/test/fire/fire_test_1051.jpg,fire,0,3,smokefire,0.5245853
test/fire/fire_test_1052.jpg,data/processed/test/fire/fire_test_1052.jpg,fire,0,3,smokefire,0.8216352
test/fire/fire_test_1053.jpg,data/processed/test/fire/fire_test_1053.jpg,fire,0,1,nofire,0.8391871
test/fire/fire_test_1057.jpg,data/processed/test/fire/fire_test_1057.jpg,fire,0,3,smokefire,0.9289166
test/fire/fire_test_1063.jpg,data/processed/test/fire/fire_test_1063.jpg,fire,0,3,smokefire,0.88193595
test/fire/fire_test_1066.jpg,data/processed/test/fire/fire_test_1066.jpg,fire,0,3,smokefire,0.99210465
test/fire/fire_test_1071.jpg,data/processed/test/fire/fire_test_1071.jpg,fire,0,3,smokefire,0.38857055
test/fire/fire_test_1072.jpg,data/processed/test/fire/fire_test_1072.jpg,fire,0,3,smokefire,0.98278636
test/fire/fire_test_1077.jpg,data/processed/test/fire/fire_test_1077.jpg,fire,0,3,smokefire,0.9644081
test/fire/fire_test_1078.jpg,data/processed/test/fire/fire_test_1078.jpg,fire,0,3,smokefire,0.80130464
test/fire/fire_test_1079.jpg,data/processed/test/fire/fire_test_1079.jpg,fire,0,3,smokefire,0.6823117
test/fire/fire_test_1083.jpg,data/processed/test/fire/fire_test_1083.jpg,fire,0,3,smokefire,0.51923156
test/fire/fire_test_1084.jpg,data/processed/test/fire/fire_test_1084.jpg,fire,0,3,smokefire,0.57174695
test/fire/fire_test_1085.jpg,data/processed/test/fire/fire_test_1085.jpg,fire,0,3,smokefire,0.8190605
test/fire/fire_test_1087.jpg,data/processed/test/fire/fire_test_1087.jpg,fire,0,3,smokefire,0.9343811
test/fire/fire_test_1091.jpg,data/processed/test/fire/fire_test_1091.jpg,fire,0,3,smokefire,0.6727841
test/fire/fire_test_1092.jpg,data/processed/test/fire/fire_test_1092.jpg,fire,0,3,smokefire,0.76765573
test/fire/fire_test_1093.jpg,data/processed/test/fire/fire_test_1093.jpg,fire,0,3,smokefire,0.8260421
test/fire/fire_test_1097.jpg,data/processed/test/fire/fire_test_1097.jpg,fire,0,3,smokefire,0.98427665
test/fire/fire_test_1099.jpg,data/processed/test/fire/fire_test_1099.jpg,fire,0,3,smokefire,0.88346714
test/fire/fire_test_1102.jpg,data/processed/test/fire/fire_test_1102.jpg,fire,0,3,smokefire,0.87797
test/fire/fire_test_1109.jpg,data/processed/test/fire/fire_test_1109.jpg,fire,0,1,nofire,0.57237995
test/fire/fire_test_1112.jpg,data/processed/test/fire/fire_test_1112.jpg,fire,0,3,smokefire,0.9268168
test/fire/fire_test_1115.jpg,data/processed/test/fire/fire_test_1115.jpg,fire,0,1,nofire,0.6317883
test/fire/fire_test_1119.jpg,data/processed/test/fire/fire_test_1119.jpg,fire,0,3,smokefire,0.63431954
test/fire/fire_test_1123.jpg,data/processed/test/fire/fire_test_1123.jpg,fire,0,3,smokefire,0.9838703
test/fire/fire_test_1124.jpg,data/processed/test/fire/fire_test_1124.jpg,fire,0,3,smokefire,0.8845167
test/fire/fire_test_1132.jpg,data/processed/test/fire/fire_test_1132.jpg,fire,0,3,smokefire,0.49488306
test/fire/fire_test_1133.jpg,data/processed/test/fire/fire_test_1133.jpg,fire,0,1,nofire,0.7210668
test/fire/fire_test_1142.jpg,data/processed/test/fire/fire_test_1142.jpg,fire,0,3,smokefire,0.63012683
test/fire/fire_test_1148.jpg,data/processed/test/fire/fire_test_1148.jpg,fire,0,3,smokefire,0.95027167
test/fire/fire_test_1149.jpg,data/processed/test/fire/fire_test_1149.jpg,fire,0,1,nofire,0.8654079
test/fire/fire_test_1150.jpg,data/processed/test/fire/fire_test_1150.jpg,fire,0,3,smokefire,0.9746824
test/fire/fire_test_1152.jpg,data/processed/test/fire/fire_test_1152.jpg,fire,0,3,smokefire,0.8145183
test/fire/fire_test_1153.jpg,data/processed/test/fire/fire_test_1153.jpg,fire,0,3,smokefire,0.47508273
test/fire/fire_test_1154.jpg,data/processed/test/fire/fire_test_1154.jpg,fire,0,3,smokefire,0.8614236
test/fire/fire_test_1155.jpg,data/processed/test/fire/fire_test_1155.jpg,fire,0,3,smokefire,0.99730456
test/fire/fire_test_1156.jpg,data/processed/test/fire/fire_test_1156.jpg,fire,0,3,smokefire,0.9939972
test/fire/fire_test_1160.jpg,data/processed/test/fire/fire_test_1160.jpg,fire,0,3,smokefire,0.9589102
test/fire/fire_test_1161.jpg,data/processed/test/fire/fire_test_1161.jpg,fire,0,3,smokefire,0.95820373
test/fire/fire_test_1162.jpg,data/processed/test/fire/fire_test_1162.jpg,fire,0,3,smokefire,0.68422467
test/fire/fire_test_1163.jpg,data/processed/test/fire/fire_test_1163.jpg,fire,0,1,nofire,0.85821605
test/fire/fire_test_1164.jpg,data/processed/test/fire/fire_test_1164.jpg,fire,0,3,smokefire,0.8100678
test/fire/fire_test_1168.jpg,data/processed/test/fire/fire_test_1168.jpg,fire,0,1,nofire,0.8780071
test/fire/fire_test_1171.jpg,data/processed/test/fire/fire_test_1171.jpg,fire,0,3,smokefire,0.9352145
test/fire/fire_test_1173.jpg,data/processed/test/fire/fire_test_1173.jpg,fire,0,3,smokefire,0.9917105
test/fire/fire_test_1174.jpg,data/processed/test/fire/fire_test_1174.jpg,fire,0,3,smokefire,0.9127244
test/fire/fire_test_1178.jpg,data/processed/test/fire/fire_test_1178.jpg,fire,0,3,smokefire,0.8107638
test/fire/fire_test_1184.jpg,data/processed/test/fire/fire_test_1184.jpg,fire,0,3,smokefire,0.5323386
test/fire/fire_test_1185.jpg,data/processed/test/fire/fire_test_1185.jpg,fire,0,3,smokefire,0.59079516
test/fire/fire_test_1188.jpg,data/processed/test/fire/fire_test_1188.jpg,fire,0,3,smokefire,0.9306561
test/fire/fire_test_1189.jpg,data/processed/test/fire/fire_test_1189.jpg,fire,0,1,nofire,0.5345444
test/fire/fire_test_1190.jpg,data/processed/test/fire/fire_test_1190.jpg,fire,0,3,smokefire,0.66683316
test/fire/fire_test_1191.jpg,data/processed/test/fire/fire_test_1191.jpg,fire,0,1,nofire,0.8161266
test/nofire/nofire_test_1001.jpg,data/processed/test/nofire/nofire_test_1001.jpg,nofire,1,3,smokefire,0.40133736
test/nofire/nofire_test_1002.jpg,data/processed/test/nofire/nofire_test_1002.jpg,nofire,1,0,fire,0.86643654
test/nofire/nofire_test_1033.jpg,data/processed/test/nofire/nofire_test_1033.jpg,nofire,1,0,fire,0.66828316
test/nofire/nofire_test_1034.jpg,data/processed/test/nofire/nofire_test_1034.jpg,nofire,1,3,smokefire,0.544476
test/nofire/nofire_test_1075.jpg,data/processed/test/nofire/nofire_test_1075.jpg,nofire,1,0,fire,0.5118974
test/nofire/nofire_test_1102.jpg,data/processed/test/nofire/nofire_test_1102.jpg,nofire,1,0,fire,0.55191916
test/nofire/nofire_test_1123.jpg,data/processed/test/nofire/nofire_test_1123.jpg,nofire,1,2,smoke,0.6205345
test/nofire/nofire_test_1127.jpg,data/processed/test/nofire/nofire_test_1127.jpg,nofire,1,0,fire,0.6564009
test/nofire/nofire_test_1134.jpg,data/processed/test/nofire/nofire_test_1134.jpg,nofire,1,0,fire,0.8004425
test/nofire/nofire_test_1173.jpg,data/processed/test/nofire/nofire_test_1173.jpg,nofire,1,3,smokefire,0.90543
test/smoke/smoke_test_1004.jpg,data/processed/test/smoke/smoke_test_1004.jpg,smoke,2,3,smokefire,0.5580655
test/smoke/smoke_test_1030.jpg,data/processed/test/smoke/smoke_test_1030.jpg,smoke,2,1,nofire,0.7386035
test/smoke/smoke_test_1032.jpg,data/processed/test/smoke/smoke_test_1032.jpg,smoke,2,1,nofire,0.46627033
test/smoke/smoke_test_1046.jpg,data/processed/test/smoke/smoke_test_1046.jpg,smoke,2,1,nofire,0.8043917
test/smoke/smoke_test_1054.jpg,data/processed/test/smoke/smoke_test_1054.jpg,smoke,2,3,smokefire,0.5969906
test/smoke/smoke_test_1065.jpg,data/processed/test/smoke/smoke_test_1065.jpg,smoke,2,3,smokefire,0.44390407
test/smoke/smoke_test_1094.jpg,data/processed/test/smoke/smoke_test_1094.jpg,smoke,2,3,smokefire,0.46440712
test/smoke/smoke_test_1096.jpg,data/processed/test/smoke/smoke_test_1096.jpg,smoke,2,1,nofire,0.51041144
test/smoke/smoke_test_1121.jpg,data/processed/test/smoke/smoke_test_1121.jpg,smoke,2,3,smokefire,0.6354438
test/smoke/smoke_test_1122.jpg,data/processed/test/smoke/smoke_test_1122.jpg,smoke,2,3,smokefire,0.5493532
test/smoke/smoke_test_1141.jpg,data/processed/test/smoke/smoke_test_1141.jpg,smoke,2,3,smokefire,0.49940443
test/smoke/smoke_test_1157.jpg,data/processed/test/smoke/smoke_test_1157.jpg,smoke,2,1,nofire,0.6611838
test/smoke/smoke_test_1192.jpg,data/processed/test/smoke/smoke_test_1192.jpg,smoke,2,1,nofire,0.67869097
test/smokefire/smokefire_test_1001.jpg,data/processed/test/smokefire/smokefire_test_1001.jpg,smokefire,3,2,smoke,0.7007346
test/smokefire/smokefire_test_1006.jpg,data/processed/test/smokefire/smokefire_test_1006.jpg,smokefire,3,2,smoke,0.9020359
test/smokefire/smokefire_test_1007.jpg,data/processed/test/smokefire/smokefire_test_1007.jpg,smokefire,3,2,smoke,0.8975058
test/smokefire/smokefire_test_1009.jpg,data/processed/test/smokefire/smokefire_test_1009.jpg,smokefire,3,2,smoke,0.8226848
test/smokefire/smokefire_test_1011.jpg,data/processed/test/smokefire/smokefire_test_1011.jpg,smokefire,3,2,smoke,0.6160922
test/smokefire/smokefire_test_1012.jpg,data/processed/test/smokefire/smokefire_test_1012.jpg,smokefire,3,2,smoke,0.913429
test/smokefire/smokefire_test_1013.jpg,data/processed/test/smokefire/smokefire_test_1013.jpg,smokefire,3,2,smoke,0.73178536
test/smokefire/smokefire_test_1017.jpg,data/processed/test/smokefire/smokefire_test_1017.jpg,smokefire,3,2,smoke,0.60860974
test/smokefire/smokefire_test_1019.jpg,data/processed/test/smokefire/smokefire_test_1019.jpg,smokefire,3,2,smoke,0.8891004
test/smokefire/smokefire_test_1023.jpg,data/processed/test/smokefire/smokefire_test_1023.jpg,smokefire,3,2,smoke,0.7858972
test/smokefire/smokefire_test_1026.jpg,data/processed/test/smokefire/smokefire_test_1026.jpg,smokefire,3,2,smoke,0.6528751
test/smokefire/smokefire_test_1028.jpg,data/processed/test/smokefire/smokefire_test_1028.jpg,smokefire,3,2,smoke,0.82905066
test/smokefire/smokefire_test_1030.jpg,data/processed/test/smokefire/smokefire_test_1030.jpg,smokefire,3,2,smoke,0.8536958
test/smokefire/smokefire_test_1031.jpg,data/processed/test/smokefire/smokefire_test_1031.jpg,smokefire,3,2,smoke,0.61011356
test/smokefire/smokefire_test_1033.jpg,data/processed/test/smokefire/smokefire_test_1033.jpg,smokefire,3,2,smoke,0.46034575
test/smokefire/smokefire_test_1036.jpg,data/processed/test/smokefire/smokefire_test_1036.jpg,smokefire,3,2,smoke,0.64002
test/smokefire/smokefire_test_1037.jpg,data/processed/test/smokefire/smokefire_test_1037.jpg,smokefire,3,2,smoke,0.908772
test/smokefire/smokefire_test_1044.jpg,data/processed/test/smokefire/smokefire_test_1044.jpg,smokefire,3,2,smoke,0.767905
test/smokefire/smokefire_test_1046.jpg,data/processed/test/smokefire/smokefire_test_1046.jpg,smokefire,3,2,smoke,0.5899788
test/smokefire/smokefire_test_1048.jpg,data/processed/test/smokefire/smokefire_test_1048.jpg,smokefire,3,2,smoke,0.5104331
test/smokefire/smokefire_test_1050.jpg,data/processed/test/smokefire/smokefire_test_1050.jpg,smokefire,3,2,smoke,0.9303082
test/smokefire/smokefire_test_1051.jpg,data/processed/test/smokefire/smokefire_test_1051.jpg,smokefire,3,2,smoke,0.6438488
test/smokefire/smokefire_test_1054.jpg,data/processed/test/smokefire/smokefire_test_1054.jpg,smokefire,3,2,smoke,0.5582478
test/smokefire/smokefire_test_1057.jpg,data/processed/test/smokefire/smokefire_test_1057.jpg,smokefire,3,2,smoke,0.6291633
test/smokefire/smokefire_test_1058.jpg,data/processed/test/smokefire/smokefire_test_1058.jpg,smokefire,3,2,smoke,0.91067946
test/smokefire/smokefire_test_1064.jpg,data/processed/test/smokefire/smokefire_test_1064.jpg,smokefire,3,2,smoke,0.796026
test/smokefire/smokefire_test_1066.jpg,data/processed/test/smokefire/smokefire_test_1066.jpg,smokefire,3,2,smoke,0.79334444
test/smokefire/smokefire_test_1072.jpg,data/processed/test/smokefire/smokefire_test_1072.jpg,smokefire,3,2,smoke,0.9368519
test/smokefire/smokefire_test_1073.jpg,data/processed/test/smokefire/smokefire_test_1073.jpg,smokefire,3,2,smoke,0.7758296
test/smokefire/smokefire_test_1074.jpg,data/processed/test/smokefire/smokefire_test_1074.jpg,smokefire,3,2,smoke,0.50004584
test/smokefire/smokefire_test_1075.jpg,data/processed/test/smokefire/smokefire_test_1075.jpg,smokefire,3,2,smoke,0.49092728
test/smokefire/smokefire_test_1076.jpg,data/processed/test/smokefire/smokefire_test_1076.jpg,smokefire,3,2,smoke,0.872616
test/smokefire/smokefire_test_1079.jpg,data/processed/test/smokefire/smokefire_test_1079.jpg,smokefire,3,2,smoke,0.5250991
test/smokefire/smokefire_test_1081.jpg,data/processed/test/smokefire/smokefire_test_1081.jpg,smokefire,3,2,smoke,0.5966212
test/smokefire/smokefire_test_1082.jpg,data/processed/test/smokefire/smokefire_test_1082.jpg,smokefire,3,2,smoke,0.7640996
test/smokefire/smokefire_test_1084.jpg,data/processed/test/smokefire/smokefire_test_1084.jpg,smokefire,3,2,smoke,0.79052854
test/smokefire/smokefire_test_1088.jpg,data/processed/test/smokefire/smokefire_test_1088.jpg,smokefire,3,2,smoke,0.72070885
test/smokefire/smokefire_test_1092.jpg,data/processed/test/smokefire/smokefire_test_1092.jpg,smokefire,3,2,smoke,0.95763063
test/smokefire/smokefire_test_1094.jpg,data/processed/test/smokefire/smokefire_test_1094.jpg,smokefire,3,2,smoke,0.82290787
test/smokefire/smokefire_test_1095.jpg,data/processed/test/smokefire/smokefire_test_1095.jpg,smokefire,3,2,smoke,0.54600066
test/smokefire/smokefire_test_1096.jpg,data/processed/test/smokefire/smokefire_test_1096.jpg,smokefire,3,2,smoke,0.704054
test/smokefire/smokefire_test_1098.jpg,data/processed/test/smokefire/smokefire_test_1098.jpg,smokefire,3,2,smoke,0.74881864
test/smokefire/smokefire_test_1100.jpg,data/processed/test/smokefire/smokefire_test_1100.jpg,smokefire,3,2,smoke,0.78775305
test/smokefire/smokefire_test_1101.jpg,data/processed/test/smokefire/smokefire_test_1101.jpg,smokefire,3,2,smoke,0.51546335
test/smokefire/smokefire_test_1104.jpg,data/processed/test/smokefire/smokefire_test_1104.jpg,smokefire,3,2,smoke,0.655541
test/smokefire/smokefire_test_1109.jpg,data/processed/test/smokefire/smokefire_test_1109.jpg,smokefire,3,2,smoke,0.64565593
test/smokefire/smokefire_test_1112.jpg,data/processed/test/smokefire/smokefire_test_1112.jpg,smokefire,3,2,smoke,0.9437843
test/smokefire/smokefire_test_1113.jpg,data/processed/test/smokefire/smokefire_test_1113.jpg,smokefire,3,2,smoke,0.94521934
test/smokefire/smokefire_test_1115.jpg,data/processed/test/smokefire/smokefire_test_1115.jpg,smokefire,3,2,smoke,0.5943436
test/smokefire/smokefire_test_1116.jpg,data/processed/test/smokefire/smokefire_test_1116.jpg,smokefire,3,2,smoke,0.6480547
test/smokefire/smokefire_test_1117.jpg,data/processed/test/smokefire/smokefire_test_1117.jpg,smokefire,3,2,smoke,0.65833145
test/smokefire/smokefire_test_1123.jpg,data/processed/test/smokefire/smokefire_test_1123.jpg,smokefire,3,2,smoke,0.80019027
test/smokefire/smokefire_test_1124.jpg,data/processed/test/smokefire/smokefire_test_1124.jpg,smokefire,3,2,smoke,0.97500145
test/smokefire/smokefire_test_1129.jpg,data/processed/test/smokefire/smokefire_test_1129.jpg,smokefire,3,2,smoke,0.48913184
test/smokefire/smokefire_test_1132.jpg,data/processed/test/smokefire/smokefire_test_1132.jpg,smokefire,3,2,smoke,0.5592862
test/smokefire/smokefire_test_1134.jpg,data/processed/test/smokefire/smokefire_test_1134.jpg,smokefire,3,2,smoke,0.776304
test/smokefire/smokefire_test_1136.jpg,data/processed/test/smokefire/smokefire_test_1136.jpg,smokefire,3,2,smoke,0.84902805
test/smokefire/smokefire_test_1137.jpg,data/processed/test/smokefire/smokefire_test_1137.jpg,smokefire,3,2,smoke,0.7326423
test/smokefire/smokefire_test_1141.jpg,data/processed/test/smokefire/smokefire_test_1141.jpg,smokefire,3,2,smoke,0.888359
test/smokefire/smokefire_test_1142.jpg,data/processed/test/smokefire/smokefire_test_1142.jpg,smokefire,3,2,smoke,0.73979
test/smokefire/smokefire_test_1143.jpg,data/processed/test/smokefire/smokefire_test_1143.jpg,smokefire,3,2,smoke,0.9404975
test/smokefire/smokefire_test_1144.jpg,data/processed/test/smokefire/smokefire_test_1144.jpg,smokefire,3,2,smoke,0.9548618
test/smokefire/smokefire_test_1145.jpg,data/processed/test/smokefire/smokefire_test_1145.jpg,smokefire,3,2,smoke,0.6007237
test/smokefire/smokefire_test_1146.jpg,data/processed/test/smokefire/smokefire_test_1146.jpg,smokefire,3,2,smoke,0.9659194
test/smokefire/smokefire_test_1147.jpg,data/processed/test/smokefire/smokefire_test_1147.jpg,smokefire,3,2,smoke,0.77046925
test/smokefire/smokefire_test_1152.jpg,data/processed/test/smokefire/smokefire_test_1152.jpg,smokefire,3,2,smoke,0.64651793
test/smokefire/smokefire_test_1153.jpg,data/processed/test/smokefire/smokefire_test_1153.jpg,smokefire,3,2,smoke,0.9510712
test/smokefire/smokefire_test_1156.jpg,data/processed/test/smokefire/smokefire_test_1156.jpg,smokefire,3,2,smoke,0.58129704
test/smokefire/smokefire_test_1158.jpg,data/processed/test/smokefire/smokefire_test_1158.jpg,smokefire,3,2,smoke,0.59973174
test/smokefire/smokefire_test_1159.jpg,data/processed/test/smokefire/smokefire_test_1159.jpg,smokefire,3,2,smoke,0.61703295
test/smokefire/smokefire_test_1161.jpg,data/processed/test/smokefire/smokefire_test_1161.jpg,smokefire,3,2,smoke,0.9655114
test/smokefire/smokefire_test_1162.jpg,data/processed/test/smokefire/smokefire_test_1162.jpg,smokefire,3,2,smoke,0.9809411
test/smokefire/smokefire_test_1165.jpg,data/processed/test/smokefire/smokefire_test_1165.jpg,smokefire,3,2,smoke,0.7455787
test/smokefire/smokefire_test_1167.jpg,data/processed/test/smokefire/smokefire_test_1167.jpg,smokefire,3,2,smoke,0.5484202
test/smokefire/smokefire_test_1168.jpg,data/processed/test/smokefire/smokefire_test_1168.jpg,smokefire,3,2,smoke,0.4980951
test/smokefire/smokefire_test_1169.jpg,data/processed/test/smokefire/smokefire_test_1169.jpg,smokefire,3,2,smoke,0.7714358
test/smokefire/smokefire_test_1171.jpg,data/processed/test/smokefire/smokefire_test_1171.jpg,smokefire,3,2,smoke,0.6723306
test/smokefire/smokefire_test_1173.jpg,data/processed/test/smokefire/smokefire_test_1173.jpg,smokefire,3,2,smoke,0.79626393
test/smokefire/smokefire_test_1175.jpg,data/processed/test/smokefire/smokefire_test_1175.jpg,smokefire,3,2,smoke,0.9812
test/smokefire/smokefire_test_1176.jpg,data/processed/test/smokefire/smokefire_test_1176.jpg,smokefire,3,2,smoke,0.55549943
test/smokefire/smokefire_test_1177.jpg,data/processed/test/smokefire/smokefire_test_1177.jpg,smokefire,3,2,smoke,0.6032348
test/smokefire/smokefire_test_1181.jpg,data/processed/test/smokefire/smokefire_test_1181.jpg,smokefire,3,2,smoke,0.61694473
test/smokefire/smokefire_test_1182.jpg,data/processed/test/smokefire/smokefire_test_1182.jpg,smokefire,3,2,smoke,0.98295724
test/smokefire/smokefire_test_1185.jpg,data/processed/test/smokefire/smokefire_test_1185.jpg,smokefire,3,2,smoke,0.72022885
test/smokefire/smokefire_test_1186.jpg,data/processed/test/smokefire/smokefire_test_1186.jpg,smokefire,3,2,smoke,0.84117734
test/smokefire/smokefire_test_1188.jpg,data/processed/test/smokefire/smokefire_test_1188.jpg,smokefire,3,2,smoke,0.8876113
test/smokefire/smokefire_test_1189.jpg,data/processed/test/smokefire/smokefire_test_1189.jpg,smokefire,3,2,smoke,0.784435
test/smokefire/smokefire_test_1191.jpg,data/processed/test/smokefire/smokefire_test_1191.jpg,smokefire,3,2,smoke,0.67526937
test/smokefire/smokefire_test_1192.jpg,data/processed/test/smokefire/smokefire_test_1192.jpg,smokefire,3,2,smoke,0.8272664
test/smokefire/smokefire_test_1197.jpg,data/processed/test/smokefire/smokefire_test_1197.jpg,smokefire,3,2,smoke,0.61952144
test/smokefire/smokefire_test_1198.jpg,data/processed/test/smokefire/smokefire_test_1198.jpg,smokefire,3,2,smoke,0.7714986
