epoch,accuracy,learning_rate,loss,val_accuracy,val_loss
0,0.7068750262260437,0.0010000000474974513,0.8977563977241516,0.25,3.3636538982391357
1,0.7503125071525574,0.0010000000474974513,0.7521271705627441,0.2574999928474426,2.9681012630462646
2,0.7868750095367432,0.0010000000474974513,0.694098949432373,0.26374998688697815,3.3963401317596436
3,0.7875000238418579,0.0010000000474974513,0.6848163604736328,0.5074999928474426,1.3233798742294312
4,0.8009374737739563,0.0010000000474974513,0.6587270498275757,0.71875,0.8242974877357483
5,0.8125,0.0010000000474974513,0.6437913775444031,0.8374999761581421,0.5954789519309998
6,0.809374988079071,0.0010000000474974513,0.6323075890541077,0.6637499928474426,1.1823320388793945
7,0.828125,0.0010000000474974513,0.5951182842254639,0.7475000023841858,0.8295983076095581
8,0.831250011920929,0.0010000000474974513,0.5996186137199402,0.8324999809265137,0.5890856385231018
9,0.8343750238418579,0.0010000000474974513,0.589554488658905,0.7862499952316284,0.6750705242156982
10,0.8337500095367432,0.0010000000474974513,0.5876026749610901,0.7912499904632568,0.6834145188331604
11,0.8259375095367432,0.0010000000474974513,0.5883496999740601,0.6775000095367432,1.0207493305206299
12,0.8506249785423279,0.0010000000474974513,0.5596480965614319,0.706250011920929,1.0353983640670776
13,0.8528125286102295,0.0005000000237487257,0.5451894998550415,0.8837500214576721,0.4862450659275055
14,0.8525000214576721,0.0005000000237487257,0.5384847521781921,0.8512499928474426,0.5571248531341553
15,0.8725000023841858,0.0005000000237487257,0.5183606743812561,0.8137500286102295,0.6039837598800659
16,0.8650000095367432,0.0005000000237487257,0.5206266641616821,0.7649999856948853,0.7117223143577576
17,0.8684375286102295,0.0005000000237487257,0.5158604979515076,0.8687499761581421,0.5208203792572021
18,0.8759375214576721,0.0002500000118743628,0.49264201521873474,0.8862500190734863,0.49006855487823486
19,0.8787500262260437,0.0002500000118743628,0.49283087253570557,0.8774999976158142,0.48942479491233826
20,0.8762500286102295,0.0002500000118743628,0.486845999956131,0.78125,0.6759111881256104
21,0.8737499713897705,0.0002500000118743628,0.49712520837783813,0.8837500214576721,0.47273218631744385
22,0.885937511920929,0.0002500000118743628,0.47700217366218567,0.8650000095367432,0.5205675363540649
23,0.890625,0.0002500000118743628,0.4777355492115021,0.8399999737739563,0.5244543552398682
24,0.8853124976158142,0.0002500000118743628,0.48670852184295654,0.8399999737739563,0.5595752596855164
25,0.8956249952316284,0.0002500000118743628,0.46796858310699463,0.8237500190734863,0.6144018173217773
26,0.8884375095367432,0.0001250000059371814,0.46623465418815613,0.8725000023841858,0.48667049407958984
27,0.895312488079071,0.0001250000059371814,0.46107906103134155,0.8974999785423279,0.44593608379364014
28,0.9009374976158142,0.0001250000059371814,0.44701749086380005,0.8349999785423279,0.5495814681053162
29,0.8949999809265137,0.0001250000059371814,0.4499557912349701,0.8587499856948853,0.5141538977622986
30,0.8984375,0.0001250000059371814,0.4517141580581665,0.7837499976158142,0.6709342002868652
31,0.8990625143051147,0.0001250000059371814,0.4426437020301819,0.8362500071525574,0.5630531907081604
32,0.9028124809265137,6.25000029685907e-05,0.4433806240558624,0.8537499904632568,0.49981677532196045
33,0.9043750166893005,6.25000029685907e-05,0.43231022357940674,0.8237500190734863,0.5651368498802185
34,0.910937488079071,6.25000029685907e-05,0.4233716130256653,0.8637499809265137,0.4975630044937134
35,0.9090625047683716,6.25000029685907e-05,0.42253273725509644,0.8924999833106995,0.4758017361164093
36,0.9106249809265137,3.125000148429535e-05,0.4277166426181793,0.8587499856948853,0.5115044713020325
37,0.909375011920929,3.125000148429535e-05,0.4149191975593567,0.8737499713897705,0.4833342432975769
38,0.9131249785423279,3.125000148429535e-05,0.42364105582237244,0.8487499952316284,0.5265723466873169
39,0.9131249785423279,3.125000148429535e-05,0.4212161600589752,0.8087499737739563,0.5967052578926086
