filepath,split,label,note,suggested_label,decision
../dataset/Forect Fire/Forest Fire_Dataset/test/fire/fire_test_1006.jpg,test,fire,prediction_disagrees: smokefire,,
../dataset/Forect Fire/Forest Fire_Dataset/test/fire/fire_test_1013.jpg,test,fire,prediction_disagrees: smokefire,,
../dataset/Forect Fire/Forest Fire_Dataset/test/fire/fire_test_1014.jpg,test,fire,prediction_disagrees: smokefire,,
../dataset/Forect Fire/Forest Fire_Dataset/test/fire/fire_test_1015.jpg,test,fire,prediction_disagrees: smokefire,,
../dataset/Forect Fire/Forest Fire_Dataset/test/fire/fire_test_1016.jpg,test,fire,prediction_disagrees: smokefire,,
../dataset/Forect Fire/Forest Fire_Dataset/test/fire/fire_test_1022.jpg,test,fire,prediction_disagrees: smokefire,,
../dataset/Forect Fire/Forest Fire_Dataset/test/fire/fire_test_1023.jpg,test,fire,prediction_disagrees: smoke,,
../dataset/Forect Fire/Forest Fire_Dataset/test/fire/fire_test_1025.jpg,test,fire,prediction_disagrees: smokefire,,
../dataset/Forect Fire/Forest Fire_Dataset/test/fire/fire_test_1027.jpg,test,fire,prediction_disagrees: smokefire,,
../dataset/Forect Fire/Forest Fire_Dataset/test/fire/fire_test_1030.jpg,test,fire,prediction_disagrees: smokefire,,
../dataset/Forect Fire/Forest Fire_Dataset/test/fire/fire_test_1032.jpg,test,fire,prediction_disagrees: smokefire,,
../dataset/Forect Fire/Forest Fire_Dataset/test/fire/fire_test_1033.jpg,test,fire,prediction_disagrees: smoke,,
../dataset/Forect Fire/Forest Fire_Dataset/test/fire/fire_test_1035.jpg,test,fire,prediction_disagrees: smoke,,
../dataset/Forect Fire/Forest Fire_Dataset/test/fire/fire_test_1036.jpg,test,fire,prediction_disagrees: smokefire,,
../dataset/Forect Fire/Forest Fire_Dataset/test/fire/fire_test_1037.jpg,test,fire,prediction_disagrees: nofire,,
../dataset/Forect Fire/Forest Fire_Dataset/test/fire/fire_test_1038.jpg,test,fire,prediction_disagrees: smoke,,
../dataset/Forect Fire/Forest Fire_Dataset/test/fire/fire_test_1039.jpg,test,fire,prediction_disagrees: nofire,,
../dataset/Forect Fire/Forest Fire_Dataset/test/fire/fire_test_1041.jpg,test,fire,prediction_disagrees: smokefire,,
../dataset/Forect Fire/Forest Fire_Dataset/test/fire/fire_test_1042.jpg,test,fire,prediction_disagrees: smokefire,,
../dataset/Forect Fire/Forest Fire_Dataset/test/fire/fire_test_1043.jpg,test,fire,prediction_disagrees: smokefire,,
../dataset/Forect Fire/Forest Fire_Dataset/test/fire/fire_test_1044.jpg,test,fire,prediction_disagrees: smoke,,
../dataset/Forect Fire/Forest Fire_Dataset/test/fire/fire_test_1045.jpg,test,fire,prediction_disagrees: smokefire,,
../dataset/Forect Fire/Forest Fire_Dataset/test/fire/fire_test_1046.jpg,test,fire,prediction_disagrees: smokefire,,
../dataset/Forect Fire/Forest Fire_Dataset/test/fire/fire_test_1048.jpg,test,fire,prediction_disagrees: smoke,,
../dataset/Forect Fire/Forest Fire_Dataset/test/fire/fire_test_1049.jpg,test,fire,prediction_disagrees: smokefire,,
../dataset/Forect Fire/Forest Fire_Dataset/test/fire/fire_test_1052.jpg,test,fire,prediction_disagrees: smokefire,,
../dataset/Forect Fire/Forest Fire_Dataset/test/fire/fire_test_1053.jpg,test,fire,prediction_disagrees: nofire,,
../dataset/Forect Fire/Forest Fire_Dataset/test/fire/fire_test_1057.jpg,test,fire,prediction_disagrees: nofire,,
../dataset/Forect Fire/Forest Fire_Dataset/test/fire/fire_test_1063.jpg,test,fire,prediction_disagrees: smokefire,,
../dataset/Forect Fire/Forest Fire_Dataset/test/fire/fire_test_1066.jpg,test,fire,prediction_disagrees: smokefire,,
../dataset/Forect Fire/Forest Fire_Dataset/test/fire/fire_test_1071.jpg,test,fire,prediction_disagrees: smokefire,,
../dataset/Forect Fire/Forest Fire_Dataset/test/fire/fire_test_1072.jpg,test,fire,prediction_disagrees: smokefire,,
../dataset/Forect Fire/Forest Fire_Dataset/test/fire/fire_test_1077.jpg,test,fire,prediction_disagrees: smokefire,,
../dataset/Forect Fire/Forest Fire_Dataset/test/fire/fire_test_1079.jpg,test,fire,prediction_disagrees: smokefire,,
../dataset/Forect Fire/Forest Fire_Dataset/test/fire/fire_test_1082.jpg,test,fire,prediction_disagrees: smokefire,,
../dataset/Forect Fire/Forest Fire_Dataset/test/fire/fire_test_1083.jpg,test,fire,prediction_disagrees: smokefire,,
../dataset/Forect Fire/Forest Fire_Dataset/test/fire/fire_test_1084.jpg,test,fire,prediction_disagrees: smokefire,,
../dataset/Forect Fire/Forest Fire_Dataset/test/fire/fire_test_1085.jpg,test,fire,prediction_disagrees: smoke,,
../dataset/Forect Fire/Forest Fire_Dataset/test/fire/fire_test_1087.jpg,test,fire,prediction_disagrees: smokefire,,
../dataset/Forect Fire/Forest Fire_Dataset/test/fire/fire_test_1091.jpg,test,fire,prediction_disagrees: smokefire,,
../dataset/Forect Fire/Forest Fire_Dataset/test/fire/fire_test_1092.jpg,test,fire,prediction_disagrees: smokefire,,
../dataset/Forect Fire/Forest Fire_Dataset/test/fire/fire_test_1093.jpg,test,fire,prediction_disagrees: smoke,,
../dataset/Forect Fire/Forest Fire_Dataset/test/fire/fire_test_1097.jpg,test,fire,prediction_disagrees: smokefire,,
../dataset/Forect Fire/Forest Fire_Dataset/test/fire/fire_test_1099.jpg,test,fire,prediction_disagrees: smokefire,,
../dataset/Forect Fire/Forest Fire_Dataset/test/fire/fire_test_1101.jpg,test,fire,prediction_disagrees: smokefire,,
../dataset/Forect Fire/Forest Fire_Dataset/test/fire/fire_test_1102.jpg,test,fire,prediction_disagrees: smokefire,,
../dataset/Forect Fire/Forest Fire_Dataset/test/fire/fire_test_1103.jpg,test,fire,prediction_disagrees: smokefire,,
../dataset/Forect Fire/Forest Fire_Dataset/test/fire/fire_test_1106.jpg,test,fire,prediction_disagrees: smokefire,,
../dataset/Forect Fire/Forest Fire_Dataset/test/fire/fire_test_1109.jpg,test,fire,prediction_disagrees: nofire,,
../dataset/Forect Fire/Forest Fire_Dataset/test/fire/fire_test_1110.jpg,test,fire,prediction_disagrees: smokefire,,
../dataset/Forect Fire/Forest Fire_Dataset/test/fire/fire_test_1112.jpg,test,fire,prediction_disagrees: smokefire,,
../dataset/Forect Fire/Forest Fire_Dataset/test/fire/fire_test_1115.jpg,test,fire,prediction_disagrees: smokefire,,
../dataset/Forect Fire/Forest Fire_Dataset/test/fire/fire_test_1116.jpg,test,fire,prediction_disagrees: smokefire,,
../dataset/Forect Fire/Forest Fire_Dataset/test/fire/fire_test_1119.jpg,test,fire,prediction_disagrees: smokefire,,
../dataset/Forect Fire/Forest Fire_Dataset/test/fire/fire_test_1123.jpg,test,fire,prediction_disagrees: smoke,,
../dataset/Forect Fire/Forest Fire_Dataset/test/fire/fire_test_1124.jpg,test,fire,prediction_disagrees: smoke,,
../dataset/Forect Fire/Forest Fire_Dataset/test/fire/fire_test_1132.jpg,test,fire,prediction_disagrees: smokefire,,
../dataset/Forect Fire/Forest Fire_Dataset/test/fire/fire_test_1133.jpg,test,fire,prediction_disagrees: nofire,,
../dataset/Forect Fire/Forest Fire_Dataset/test/fire/fire_test_1134.jpg,test,fire,prediction_disagrees: smokefire,,
../dataset/Forect Fire/Forest Fire_Dataset/test/fire/fire_test_1135.jpg,test,fire,prediction_disagrees: smokefire,,
../dataset/Forect Fire/Forest Fire_Dataset/test/fire/fire_test_1144.jpg,test,fire,prediction_disagrees: smokefire,,
../dataset/Forect Fire/Forest Fire_Dataset/test/fire/fire_test_1148.jpg,test,fire,prediction_disagrees: smoke,,
../dataset/Forect Fire/Forest Fire_Dataset/test/fire/fire_test_1150.jpg,test,fire,prediction_disagrees: smokefire,,
../dataset/Forect Fire/Forest Fire_Dataset/test/fire/fire_test_1152.jpg,test,fire,prediction_disagrees: smokefire,,
../dataset/Forect Fire/Forest Fire_Dataset/test/fire/fire_test_1153.jpg,test,fire,prediction_disagrees: smoke,,
../dataset/Forect Fire/Forest Fire_Dataset/test/fire/fire_test_1154.jpg,test,fire,prediction_disagrees: smokefire,,
../dataset/Forect Fire/Forest Fire_Dataset/test/fire/fire_test_1155.jpg,test,fire,prediction_disagrees: smokefire,,
../dataset/Forect Fire/Forest Fire_Dataset/test/fire/fire_test_1156.jpg,test,fire,prediction_disagrees: smoke,,
../dataset/Forect Fire/Forest Fire_Dataset/test/fire/fire_test_1157.jpg,test,fire,prediction_disagrees: smokefire,,
../dataset/Forect Fire/Forest Fire_Dataset/test/fire/fire_test_1160.jpg,test,fire,prediction_disagrees: smoke,,
../dataset/Forect Fire/Forest Fire_Dataset/test/fire/fire_test_1161.jpg,test,fire,prediction_disagrees: smoke,,
../dataset/Forect Fire/Forest Fire_Dataset/test/fire/fire_test_1163.jpg,test,fire,prediction_disagrees: nofire,,
../dataset/Forect Fire/Forest Fire_Dataset/test/fire/fire_test_1164.jpg,test,fire,prediction_disagrees: smoke,,
../dataset/Forect Fire/Forest Fire_Dataset/test/fire/fire_test_1168.jpg,test,fire,prediction_disagrees: smokefire,,
../dataset/Forect Fire/Forest Fire_Dataset/test/fire/fire_test_1169.jpg,test,fire,prediction_disagrees: smokefire,,
../dataset/Forect Fire/Forest Fire_Dataset/test/fire/fire_test_1171.jpg,test,fire,prediction_disagrees: smoke,,
../dataset/Forect Fire/Forest Fire_Dataset/test/fire/fire_test_1173.jpg,test,fire,prediction_disagrees: smoke,,
../dataset/Forect Fire/Forest Fire_Dataset/test/fire/fire_test_1174.jpg,test,fire,prediction_disagrees: smokefire,,
../dataset/Forect Fire/Forest Fire_Dataset/test/fire/fire_test_1175.jpg,test,fire,prediction_disagrees: smokefire,,
../dataset/Forect Fire/Forest Fire_Dataset/test/fire/fire_test_1178.jpg,test,fire,prediction_disagrees: smokefire,,
../dataset/Forect Fire/Forest Fire_Dataset/test/fire/fire_test_1180.jpg,test,fire,prediction_disagrees: smokefire,,
../dataset/Forect Fire/Forest Fire_Dataset/test/fire/fire_test_1183.jpg,test,fire,prediction_disagrees: smokefire,,
../dataset/Forect Fire/Forest Fire_Dataset/test/fire/fire_test_1184.jpg,test,fire,prediction_disagrees: smoke,,
../dataset/Forect Fire/Forest Fire_Dataset/test/fire/fire_test_1186.jpg,test,fire,prediction_disagrees: smokefire,,
../dataset/Forect Fire/Forest Fire_Dataset/test/fire/fire_test_1188.jpg,test,fire,prediction_disagrees: smoke,,
../dataset/Forect Fire/Forest Fire_Dataset/test/fire/fire_test_1191.jpg,test,fire,prediction_disagrees: smokefire,,
../dataset/Forect Fire/Forest Fire_Dataset/test/fire/fire_test_1194.jpg,test,fire,prediction_disagrees: smokefire,,
../dataset/Forect Fire/Forest Fire_Dataset/test/nofire/nofire_test_1001.jpg,test,nofire,prediction_disagrees: fire,,
../dataset/Forect Fire/Forest Fire_Dataset/test/nofire/nofire_test_1002.jpg,test,nofire,prediction_disagrees: fire,,
../dataset/Forect Fire/Forest Fire_Dataset/test/nofire/nofire_test_1005.jpg,test,nofire,prediction_disagrees: smokefire,,
../dataset/Forect Fire/Forest Fire_Dataset/test/nofire/nofire_test_1010.jpg,test,nofire,prediction_disagrees: smokefire,,
../dataset/Forect Fire/Forest Fire_Dataset/test/nofire/nofire_test_1012.jpg,test,nofire,prediction_disagrees: smoke,,
../dataset/Forect Fire/Forest Fire_Dataset/test/nofire/nofire_test_1019.jpg,test,nofire,prediction_disagrees: smoke,,
../dataset/Forect Fire/Forest Fire_Dataset/test/nofire/nofire_test_1024.jpg,test,nofire,prediction_disagrees: smoke,,
../dataset/Forect Fire/Forest Fire_Dataset/test/nofire/nofire_test_1027.jpg,test,nofire,prediction_disagrees: smoke,,
../dataset/Forect Fire/Forest Fire_Dataset/test/nofire/nofire_test_1030.jpg,test,nofire,prediction_disagrees: smokefire,,
../dataset/Forect Fire/Forest Fire_Dataset/test/nofire/nofire_test_1031.jpg,test,nofire,prediction_disagrees: fire,,
../dataset/Forect Fire/Forest Fire_Dataset/test/nofire/nofire_test_1032.jpg,test,nofire,prediction_disagrees: smokefire,,
../dataset/Forect Fire/Forest Fire_Dataset/test/nofire/nofire_test_1033.jpg,test,nofire,prediction_disagrees: fire,,
../dataset/Forect Fire/Forest Fire_Dataset/test/nofire/nofire_test_1040.jpg,test,nofire,prediction_disagrees: smokefire,,
../dataset/Forect Fire/Forest Fire_Dataset/test/nofire/nofire_test_1041.jpg,test,nofire,prediction_disagrees: smokefire,,
../dataset/Forect Fire/Forest Fire_Dataset/test/nofire/nofire_test_1042.jpg,test,nofire,prediction_disagrees: smokefire,,
../dataset/Forect Fire/Forest Fire_Dataset/test/nofire/nofire_test_1044.jpg,test,nofire,prediction_disagrees: smoke,,
../dataset/Forect Fire/Forest Fire_Dataset/test/nofire/nofire_test_1045.jpg,test,nofire,prediction_disagrees: smoke,,
../dataset/Forect Fire/Forest Fire_Dataset/test/nofire/nofire_test_1051.jpg,test,nofire,prediction_disagrees: smoke,,
../dataset/Forect Fire/Forest Fire_Dataset/test/nofire/nofire_test_1053.jpg,test,nofire,prediction_disagrees: smokefire,,
../dataset/Forect Fire/Forest Fire_Dataset/test/nofire/nofire_test_1054.jpg,test,nofire,prediction_disagrees: smokefire,,
../dataset/Forect Fire/Forest Fire_Dataset/test/nofire/nofire_test_1057.jpg,test,nofire,prediction_disagrees: smoke,,
../dataset/Forect Fire/Forest Fire_Dataset/test/nofire/nofire_test_1059.jpg,test,nofire,prediction_disagrees: smokefire,,
../dataset/Forect Fire/Forest Fire_Dataset/test/nofire/nofire_test_1062.jpg,test,nofire,prediction_disagrees: smoke,,
../dataset/Forect Fire/Forest Fire_Dataset/test/nofire/nofire_test_1063.jpg,test,nofire,prediction_disagrees: smoke,,
../dataset/Forect Fire/Forest Fire_Dataset/test/nofire/nofire_test_1065.jpg,test,nofire,prediction_disagrees: smokefire,,
../dataset/Forect Fire/Forest Fire_Dataset/test/nofire/nofire_test_1066.jpg,test,nofire,prediction_disagrees: smoke,,
../dataset/Forect Fire/Forest Fire_Dataset/test/nofire/nofire_test_1067.jpg,test,nofire,prediction_disagrees: smoke,,
../dataset/Forect Fire/Forest Fire_Dataset/test/nofire/nofire_test_1068.jpg,test,nofire,prediction_disagrees: smoke,,
../dataset/Forect Fire/Forest Fire_Dataset/test/nofire/nofire_test_1071.jpg,test,nofire,prediction_disagrees: smoke,,
../dataset/Forect Fire/Forest Fire_Dataset/test/nofire/nofire_test_1075.jpg,test,nofire,prediction_disagrees: smokefire,,
../dataset/Forect Fire/Forest Fire_Dataset/test/nofire/nofire_test_1078.jpg,test,nofire,prediction_disagrees: smokefire,,
../dataset/Forect Fire/Forest Fire_Dataset/test/nofire/nofire_test_1081.jpg,test,nofire,prediction_disagrees: smoke,,
../dataset/Forect Fire/Forest Fire_Dataset/test/nofire/nofire_test_1083.jpg,test,nofire,prediction_disagrees: smoke,,
../dataset/Forect Fire/Forest Fire_Dataset/test/nofire/nofire_test_1084.jpg,test,nofire,prediction_disagrees: smoke,,
../dataset/Forect Fire/Forest Fire_Dataset/test/nofire/nofire_test_1086.jpg,test,nofire,prediction_disagrees: smoke,,
../dataset/Forect Fire/Forest Fire_Dataset/test/nofire/nofire_test_1088.jpg,test,nofire,prediction_disagrees: smoke,,
../dataset/Forect Fire/Forest Fire_Dataset/test/nofire/nofire_test_1090.jpg,test,nofire,prediction_disagrees: smoke,,
../dataset/Forect Fire/Forest Fire_Dataset/test/nofire/nofire_test_1091.jpg,test,nofire,prediction_disagrees: smoke,,
../dataset/Forect Fire/Forest Fire_Dataset/test/nofire/nofire_test_1097.jpg,test,nofire,prediction_disagrees: smokefire,,
../dataset/Forect Fire/Forest Fire_Dataset/test/nofire/nofire_test_1098.jpg,test,nofire,prediction_disagrees: smokefire,,
../dataset/Forect Fire/Forest Fire_Dataset/test/nofire/nofire_test_1100.jpg,test,nofire,prediction_disagrees: smokefire,,
../dataset/Forect Fire/Forest Fire_Dataset/test/nofire/nofire_test_1101.jpg,test,nofire,prediction_disagrees: smokefire,,
../dataset/Forect Fire/Forest Fire_Dataset/test/nofire/nofire_test_1102.jpg,test,nofire,prediction_disagrees: smokefire,,
../dataset/Forect Fire/Forest Fire_Dataset/test/nofire/nofire_test_1103.jpg,test,nofire,prediction_disagrees: smoke,,
../dataset/Forect Fire/Forest Fire_Dataset/test/nofire/nofire_test_1107.jpg,test,nofire,prediction_disagrees: smokefire,,
../dataset/Forect Fire/Forest Fire_Dataset/test/nofire/nofire_test_1109.jpg,test,nofire,prediction_disagrees: smoke,,
../dataset/Forect Fire/Forest Fire_Dataset/test/nofire/nofire_test_1111.jpg,test,nofire,prediction_disagrees: smoke,,
../dataset/Forect Fire/Forest Fire_Dataset/test/nofire/nofire_test_1113.jpg,test,nofire,prediction_disagrees: smoke,,
../dataset/Forect Fire/Forest Fire_Dataset/test/nofire/nofire_test_1114.jpg,test,nofire,prediction_disagrees: smoke,,
../dataset/Forect Fire/Forest Fire_Dataset/test/nofire/nofire_test_1119.jpg,test,nofire,prediction_disagrees: smoke,,
../dataset/Forect Fire/Forest Fire_Dataset/test/nofire/nofire_test_1122.jpg,test,nofire,prediction_disagrees: smoke,,
../dataset/Forect Fire/Forest Fire_Dataset/test/nofire/nofire_test_1123.jpg,test,nofire,prediction_disagrees: smoke,,
../dataset/Forect Fire/Forest Fire_Dataset/test/nofire/nofire_test_1124.jpg,test,nofire,prediction_disagrees: smoke,,
../dataset/Forect Fire/Forest Fire_Dataset/test/nofire/nofire_test_1127.jpg,test,nofire,prediction_disagrees: fire,,
../dataset/Forect Fire/Forest Fire_Dataset/test/nofire/nofire_test_1128.jpg,test,nofire,prediction_disagrees: smoke,,
../dataset/Forect Fire/Forest Fire_Dataset/test/nofire/nofire_test_1130.jpg,test,nofire,prediction_disagrees: smoke,,
../dataset/Forect Fire/Forest Fire_Dataset/test/nofire/nofire_test_1131.jpg,test,nofire,prediction_disagrees: smoke,,
../dataset/Forect Fire/Forest Fire_Dataset/test/nofire/nofire_test_1133.jpg,test,nofire,prediction_disagrees: smoke,,
../dataset/Forect Fire/Forest Fire_Dataset/test/nofire/nofire_test_1134.jpg,test,nofire,prediction_disagrees: smokefire,,
../dataset/Forect Fire/Forest Fire_Dataset/test/nofire/nofire_test_1137.jpg,test,nofire,prediction_disagrees: smoke,,
../dataset/Forect Fire/Forest Fire_Dataset/test/nofire/nofire_test_1139.jpg,test,nofire,prediction_disagrees: smoke,,
../dataset/Forect Fire/Forest Fire_Dataset/test/nofire/nofire_test_1140.jpg,test,nofire,prediction_disagrees: smoke,,
../dataset/Forect Fire/Forest Fire_Dataset/test/nofire/nofire_test_1145.jpg,test,nofire,prediction_disagrees: smoke,,
../dataset/Forect Fire/Forest Fire_Dataset/test/nofire/nofire_test_1155.jpg,test,nofire,prediction_disagrees: smoke,,
../dataset/Forect Fire/Forest Fire_Dataset/test/nofire/nofire_test_1158.jpg,test,nofire,prediction_disagrees: smoke,,
../dataset/Forect Fire/Forest Fire_Dataset/test/nofire/nofire_test_1161.jpg,test,nofire,prediction_disagrees: smokefire,,
../dataset/Forect Fire/Forest Fire_Dataset/test/nofire/nofire_test_1170.jpg,test,nofire,prediction_disagrees: smokefire,,
../dataset/Forect Fire/Forest Fire_Dataset/test/nofire/nofire_test_1173.jpg,test,nofire,prediction_disagrees: smokefire,,
../dataset/Forect Fire/Forest Fire_Dataset/test/nofire/nofire_test_1177.jpg,test,nofire,prediction_disagrees: smokefire,,
../dataset/Forect Fire/Forest Fire_Dataset/test/nofire/nofire_test_1196.jpg,test,nofire,prediction_disagrees: smoke,,
../dataset/Forect Fire/Forest Fire_Dataset/test/nofire/nofire_test_1197.jpg,test,nofire,prediction_disagrees: smoke,,
../dataset/Forect Fire/Forest Fire_Dataset/test/nofire/nofire_test_1200.jpg,test,nofire,prediction_disagrees: smoke,,
../dataset/Forect Fire/Forest Fire_Dataset/test/smoke/smoke_test_1001.jpg,test,smoke,prediction_disagrees: nofire,,
../dataset/Forect Fire/Forest Fire_Dataset/test/smoke/smoke_test_1003.jpg,test,smoke,prediction_disagrees: nofire,,
../dataset/Forect Fire/Forest Fire_Dataset/test/smoke/smoke_test_1005.jpg,test,smoke,prediction_disagrees: nofire,,
../dataset/Forect Fire/Forest Fire_Dataset/test/smoke/smoke_test_1006.jpg,test,smoke,prediction_disagrees: nofire,,
../dataset/Forect Fire/Forest Fire_Dataset/test/smoke/smoke_test_1010.jpg,test,smoke,prediction_disagrees: nofire,,
../dataset/Forect Fire/Forest Fire_Dataset/test/smoke/smoke_test_1012.jpg,test,smoke,prediction_disagrees: nofire,,
../dataset/Forect Fire/Forest Fire_Dataset/test/smoke/smoke_test_1014.jpg,test,smoke,prediction_disagrees: nofire,,
../dataset/Forect Fire/Forest Fire_Dataset/test/smoke/smoke_test_1016.jpg,test,smoke,prediction_disagrees: nofire,,
../dataset/Forect Fire/Forest Fire_Dataset/test/smoke/smoke_test_1018.jpg,test,smoke,prediction_disagrees: nofire,,
../dataset/Forect Fire/Forest Fire_Dataset/test/smoke/smoke_test_1023.jpg,test,smoke,prediction_disagrees: nofire,,
../dataset/Forect Fire/Forest Fire_Dataset/test/smoke/smoke_test_1025.jpg,test,smoke,prediction_disagrees: nofire,,
../dataset/Forect Fire/Forest Fire_Dataset/test/smoke/smoke_test_1030.jpg,test,smoke,prediction_disagrees: nofire,,
../dataset/Forect Fire/Forest Fire_Dataset/test/smoke/smoke_test_1032.jpg,test,smoke,prediction_disagrees: nofire,,
../dataset/Forect Fire/Forest Fire_Dataset/test/smoke/smoke_test_1035.jpg,test,smoke,prediction_disagrees: nofire,,
../dataset/Forect Fire/Forest Fire_Dataset/test/smoke/smoke_test_1044.jpg,test,smoke,prediction_disagrees: nofire,,
../dataset/Forect Fire/Forest Fire_Dataset/test/smoke/smoke_test_1046.jpg,test,smoke,prediction_disagrees: nofire,,
../dataset/Forect Fire/Forest Fire_Dataset/test/smoke/smoke_test_1047.jpg,test,smoke,prediction_disagrees: nofire,,
../dataset/Forect Fire/Forest Fire_Dataset/test/smoke/smoke_test_1055.jpg,test,smoke,prediction_disagrees: nofire,,
../dataset/Forect Fire/Forest Fire_Dataset/test/smoke/smoke_test_1058.jpg,test,smoke,prediction_disagrees: nofire,,
../dataset/Forect Fire/Forest Fire_Dataset/test/smoke/smoke_test_1068.jpg,test,smoke,prediction_disagrees: nofire,,
../dataset/Forect Fire/Forest Fire_Dataset/test/smoke/smoke_test_1078.jpg,test,smoke,prediction_disagrees: nofire,,
../dataset/Forect Fire/Forest Fire_Dataset/test/smoke/smoke_test_1082.jpg,test,smoke,prediction_disagrees: nofire,,
../dataset/Forect Fire/Forest Fire_Dataset/test/smoke/smoke_test_1095.jpg,test,smoke,prediction_disagrees: nofire,,
../dataset/Forect Fire/Forest Fire_Dataset/test/smoke/smoke_test_1096.jpg,test,smoke,prediction_disagrees: nofire,,
../dataset/Forect Fire/Forest Fire_Dataset/test/smoke/smoke_test_1101.jpg,test,smoke,prediction_disagrees: nofire,,
../dataset/Forect Fire/Forest Fire_Dataset/test/smoke/smoke_test_1102.jpg,test,smoke,prediction_disagrees: nofire,,
../dataset/Forect Fire/Forest Fire_Dataset/test/smoke/smoke_test_1113.jpg,test,smoke,prediction_disagrees: nofire,,
../dataset/Forect Fire/Forest Fire_Dataset/test/smoke/smoke_test_1114.jpg,test,smoke,prediction_disagrees: nofire,,
../dataset/Forect Fire/Forest Fire_Dataset/test/smoke/smoke_test_1118.jpg,test,smoke,prediction_disagrees: nofire,,
../dataset/Forect Fire/Forest Fire_Dataset/test/smoke/smoke_test_1123.jpg,test,smoke,prediction_disagrees: nofire,,
../dataset/Forect Fire/Forest Fire_Dataset/test/smoke/smoke_test_1127.jpg,test,smoke,prediction_disagrees: nofire,,
../dataset/Forect Fire/Forest Fire_Dataset/test/smoke/smoke_test_1128.jpg,test,smoke,prediction_disagrees: nofire,,
../dataset/Forect Fire/Forest Fire_Dataset/test/smoke/smoke_test_1129.jpg,test,smoke,prediction_disagrees: nofire,,
../dataset/Forect Fire/Forest Fire_Dataset/test/smoke/smoke_test_1142.jpg,test,smoke,prediction_disagrees: nofire,,
../dataset/Forect Fire/Forest Fire_Dataset/test/smoke/smoke_test_1148.jpg,test,smoke,prediction_disagrees: nofire,,
../dataset/Forect Fire/Forest Fire_Dataset/test/smoke/smoke_test_1154.jpg,test,smoke,prediction_disagrees: nofire,,
../dataset/Forect Fire/Forest Fire_Dataset/test/smoke/smoke_test_1157.jpg,test,smoke,prediction_disagrees: nofire,,
../dataset/Forect Fire/Forest Fire_Dataset/test/smoke/smoke_test_1158.jpg,test,smoke,prediction_disagrees: nofire,,
../dataset/Forect Fire/Forest Fire_Dataset/test/smoke/smoke_test_1159.jpg,test,smoke,prediction_disagrees: nofire,,
../dataset/Forect Fire/Forest Fire_Dataset/test/smoke/smoke_test_1165.jpg,test,smoke,prediction_disagrees: nofire,,
../dataset/Forect Fire/Forest Fire_Dataset/test/smoke/smoke_test_1168.jpg,test,smoke,prediction_disagrees: nofire,,
../dataset/Forect Fire/Forest Fire_Dataset/test/smoke/smoke_test_1178.jpg,test,smoke,prediction_disagrees: smokefire,,
../dataset/Forect Fire/Forest Fire_Dataset/test/smoke/smoke_test_1184.jpg,test,smoke,prediction_disagrees: nofire,,
../dataset/Forect Fire/Forest Fire_Dataset/test/smoke/smoke_test_1190.jpg,test,smoke,prediction_disagrees: nofire,,
../dataset/Forect Fire/Forest Fire_Dataset/test/smoke/smoke_test_1192.jpg,test,smoke,prediction_disagrees: nofire,,
../dataset/Forect Fire/Forest Fire_Dataset/test/smoke/smoke_test_1196.jpg,test,smoke,prediction_disagrees: nofire,,
../dataset/Forect Fire/Forest Fire_Dataset/test/smoke/smoke_test_1197.jpg,test,smoke,prediction_disagrees: nofire,,
../dataset/Forect Fire/Forest Fire_Dataset/test/smokefire/smokefire_test_1001.jpg,test,smokefire,prediction_disagrees: nofire,,
../dataset/Forect Fire/Forest Fire_Dataset/test/smokefire/smokefire_test_1005.jpg,test,smokefire,prediction_disagrees: smoke,,
../dataset/Forect Fire/Forest Fire_Dataset/test/smokefire/smokefire_test_1006.jpg,test,smokefire,prediction_disagrees: smoke,,
../dataset/Forect Fire/Forest Fire_Dataset/test/smokefire/smokefire_test_1007.jpg,test,smokefire,prediction_disagrees: smoke,,
../dataset/Forect Fire/Forest Fire_Dataset/test/smokefire/smokefire_test_1009.jpg,test,smokefire,prediction_disagrees: smoke,,
../dataset/Forect Fire/Forest Fire_Dataset/test/smokefire/smokefire_test_1011.jpg,test,smokefire,prediction_disagrees: smoke,,
../dataset/Forect Fire/Forest Fire_Dataset/test/smokefire/smokefire_test_1012.jpg,test,smokefire,prediction_disagrees: smoke,,
../dataset/Forect Fire/Forest Fire_Dataset/test/smokefire/smokefire_test_1013.jpg,test,smokefire,prediction_disagrees: smoke,,
../dataset/Forect Fire/Forest Fire_Dataset/test/smokefire/smokefire_test_1021.jpg,test,smokefire,prediction_disagrees: smoke,,
../dataset/Forect Fire/Forest Fire_Dataset/test/smokefire/smokefire_test_1022.jpg,test,smokefire,prediction_disagrees: smoke,,
../dataset/Forect Fire/Forest Fire_Dataset/test/smokefire/smokefire_test_1023.jpg,test,smokefire,prediction_disagrees: smoke,,
../dataset/Forect Fire/Forest Fire_Dataset/test/smokefire/smokefire_test_1024.jpg,test,smokefire,prediction_disagrees: smoke,,
../dataset/Forect Fire/Forest Fire_Dataset/test/smokefire/smokefire_test_1026.jpg,test,smokefire,prediction_disagrees: nofire,,
../dataset/Forect Fire/Forest Fire_Dataset/test/smokefire/smokefire_test_1028.jpg,test,smokefire,prediction_disagrees: smoke,,
../dataset/Forect Fire/Forest Fire_Dataset/test/smokefire/smokefire_test_1030.jpg,test,smokefire,prediction_disagrees: smoke,,
../dataset/Forect Fire/Forest Fire_Dataset/test/smokefire/smokefire_test_1031.jpg,test,smokefire,prediction_disagrees: smoke,,
../dataset/Forect Fire/Forest Fire_Dataset/test/smokefire/smokefire_test_1033.jpg,test,smokefire,prediction_disagrees: smoke,,
../dataset/Forect Fire/Forest Fire_Dataset/test/smokefire/smokefire_test_1035.jpg,test,smokefire,prediction_disagrees: smoke,,
../dataset/Forect Fire/Forest Fire_Dataset/test/smokefire/smokefire_test_1036.jpg,test,smokefire,prediction_disagrees: nofire,,
../dataset/Forect Fire/Forest Fire_Dataset/test/smokefire/smokefire_test_1037.jpg,test,smokefire,prediction_disagrees: smoke,,
../dataset/Forect Fire/Forest Fire_Dataset/test/smokefire/smokefire_test_1038.jpg,test,smokefire,prediction_disagrees: smoke,,
../dataset/Forect Fire/Forest Fire_Dataset/test/smokefire/smokefire_test_1047.jpg,test,smokefire,prediction_disagrees: smoke,,
../dataset/Forect Fire/Forest Fire_Dataset/test/smokefire/smokefire_test_1048.jpg,test,smokefire,prediction_disagrees: smoke,,
../dataset/Forect Fire/Forest Fire_Dataset/test/smokefire/smokefire_test_1049.jpg,test,smokefire,prediction_disagrees: nofire,,
../dataset/Forect Fire/Forest Fire_Dataset/test/smokefire/smokefire_test_1050.jpg,test,smokefire,prediction_disagrees: smoke,,
../dataset/Forect Fire/Forest Fire_Dataset/test/smokefire/smokefire_test_1051.jpg,test,smokefire,prediction_disagrees: smoke,,
../dataset/Forect Fire/Forest Fire_Dataset/test/smokefire/smokefire_test_1054.jpg,test,smokefire,prediction_disagrees: smoke,,
../dataset/Forect Fire/Forest Fire_Dataset/test/smokefire/smokefire_test_1057.jpg,test,smokefire,prediction_disagrees: smoke,,
../dataset/Forect Fire/Forest Fire_Dataset/test/smokefire/smokefire_test_1058.jpg,test,smokefire,prediction_disagrees: smoke,,
../dataset/Forect Fire/Forest Fire_Dataset/test/smokefire/smokefire_test_1060.jpg,test,smokefire,prediction_disagrees: nofire,,
../dataset/Forect Fire/Forest Fire_Dataset/test/smokefire/smokefire_test_1063.jpg,test,smokefire,prediction_disagrees: smoke,,
../dataset/Forect Fire/Forest Fire_Dataset/test/smokefire/smokefire_test_1064.jpg,test,smokefire,prediction_disagrees: smoke,,
../dataset/Forect Fire/Forest Fire_Dataset/test/smokefire/smokefire_test_1066.jpg,test,smokefire,prediction_disagrees: smoke,,
../dataset/Forect Fire/Forest Fire_Dataset/test/smokefire/smokefire_test_1067.jpg,test,smokefire,prediction_disagrees: nofire,,
../dataset/Forect Fire/Forest Fire_Dataset/test/smokefire/smokefire_test_1072.jpg,test,smokefire,prediction_disagrees: smoke,,
../dataset/Forect Fire/Forest Fire_Dataset/test/smokefire/smokefire_test_1073.jpg,test,smokefire,prediction_disagrees: smoke,,
../dataset/Forect Fire/Forest Fire_Dataset/test/smokefire/smokefire_test_1074.jpg,test,smokefire,prediction_disagrees: smoke,,
../dataset/Forect Fire/Forest Fire_Dataset/test/smokefire/smokefire_test_1075.jpg,test,smokefire,prediction_disagrees: nofire,,
../dataset/Forect Fire/Forest Fire_Dataset/test/smokefire/smokefire_test_1076.jpg,test,smokefire,prediction_disagrees: smoke,,
../dataset/Forect Fire/Forest Fire_Dataset/test/smokefire/smokefire_test_1078.jpg,test,smokefire,prediction_disagrees: smoke,,
../dataset/Forect Fire/Forest Fire_Dataset/test/smokefire/smokefire_test_1081.jpg,test,smokefire,prediction_disagrees: smoke,,
../dataset/Forect Fire/Forest Fire_Dataset/test/smokefire/smokefire_test_1082.jpg,test,smokefire,prediction_disagrees: smoke,,
../dataset/Forect Fire/Forest Fire_Dataset/test/smokefire/smokefire_test_1084.jpg,test,smokefire,prediction_disagrees: smoke,,
../dataset/Forect Fire/Forest Fire_Dataset/test/smokefire/smokefire_test_1088.jpg,test,smokefire,prediction_disagrees: smoke,,
../dataset/Forect Fire/Forest Fire_Dataset/test/smokefire/smokefire_test_1089.jpg,test,smokefire,prediction_disagrees: nofire,,
../dataset/Forect Fire/Forest Fire_Dataset/test/smokefire/smokefire_test_1092.jpg,test,smokefire,prediction_disagrees: smoke,,
../dataset/Forect Fire/Forest Fire_Dataset/test/smokefire/smokefire_test_1094.jpg,test,smokefire,prediction_disagrees: smoke,,
../dataset/Forect Fire/Forest Fire_Dataset/test/smokefire/smokefire_test_1095.jpg,test,smokefire,prediction_disagrees: smoke,,
../dataset/Forect Fire/Forest Fire_Dataset/test/smokefire/smokefire_test_1096.jpg,test,smokefire,prediction_disagrees: smoke,,
../dataset/Forect Fire/Forest Fire_Dataset/test/smokefire/smokefire_test_1098.jpg,test,smokefire,prediction_disagrees: smoke,,
../dataset/Forect Fire/Forest Fire_Dataset/test/smokefire/smokefire_test_1100.jpg,test,smokefire,prediction_disagrees: smoke,,
../dataset/Forect Fire/Forest Fire_Dataset/test/smokefire/smokefire_test_1101.jpg,test,smokefire,prediction_disagrees: smoke,,
../dataset/Forect Fire/Forest Fire_Dataset/test/smokefire/smokefire_test_1103.jpg,test,smokefire,prediction_disagrees: nofire,,
../dataset/Forect Fire/Forest Fire_Dataset/test/smokefire/smokefire_test_1104.jpg,test,smokefire,prediction_disagrees: smoke,,
../dataset/Forect Fire/Forest Fire_Dataset/test/smokefire/smokefire_test_1105.jpg,test,smokefire,prediction_disagrees: smoke,,
../dataset/Forect Fire/Forest Fire_Dataset/test/smokefire/smokefire_test_1109.jpg,test,smokefire,prediction_disagrees: smoke,,
../dataset/Forect Fire/Forest Fire_Dataset/test/smokefire/smokefire_test_1110.jpg,test,smokefire,prediction_disagrees: smoke,,
../dataset/Forect Fire/Forest Fire_Dataset/test/smokefire/smokefire_test_1111.jpg,test,smokefire,prediction_disagrees: nofire,,
../dataset/Forect Fire/Forest Fire_Dataset/test/smokefire/smokefire_test_1112.jpg,test,smokefire,prediction_disagrees: smoke,,
../dataset/Forect Fire/Forest Fire_Dataset/test/smokefire/smokefire_test_1113.jpg,test,smokefire,prediction_disagrees: smoke,,
../dataset/Forect Fire/Forest Fire_Dataset/test/smokefire/smokefire_test_1115.jpg,test,smokefire,prediction_disagrees: smoke,,
../dataset/Forect Fire/Forest Fire_Dataset/test/smokefire/smokefire_test_1116.jpg,test,smokefire,prediction_disagrees: smoke,,
../dataset/Forect Fire/Forest Fire_Dataset/test/smokefire/smokefire_test_1117.jpg,test,smokefire,prediction_disagrees: smoke,,
../dataset/Forect Fire/Forest Fire_Dataset/test/smokefire/smokefire_test_1119.jpg,test,smokefire,prediction_disagrees: nofire,,
../dataset/Forect Fire/Forest Fire_Dataset/test/smokefire/smokefire_test_1121.jpg,test,smokefire,prediction_disagrees: fire,,
../dataset/Forect Fire/Forest Fire_Dataset/test/smokefire/smokefire_test_1123.jpg,test,smokefire,prediction_disagrees: smoke,,
../dataset/Forect Fire/Forest Fire_Dataset/test/smokefire/smokefire_test_1124.jpg,test,smokefire,prediction_disagrees: smoke,,
../dataset/Forect Fire/Forest Fire_Dataset/test/smokefire/smokefire_test_1126.jpg,test,smokefire,prediction_disagrees: smoke,,
../dataset/Forect Fire/Forest Fire_Dataset/test/smokefire/smokefire_test_1128.jpg,test,smokefire,prediction_disagrees: nofire,,
../dataset/Forect Fire/Forest Fire_Dataset/test/smokefire/smokefire_test_1129.jpg,test,smokefire,prediction_disagrees: smoke,,
../dataset/Forect Fire/Forest Fire_Dataset/test/smokefire/smokefire_test_1130.jpg,test,smokefire,prediction_disagrees: nofire,,
../dataset/Forect Fire/Forest Fire_Dataset/test/smokefire/smokefire_test_1136.jpg,test,smokefire,prediction_disagrees: smoke,,
../dataset/Forect Fire/Forest Fire_Dataset/test/smokefire/smokefire_test_1138.jpg,test,smokefire,prediction_disagrees: nofire,,
../dataset/Forect Fire/Forest Fire_Dataset/test/smokefire/smokefire_test_1139.jpg,test,smokefire,prediction_disagrees: smoke,,
../dataset/Forect Fire/Forest Fire_Dataset/test/smokefire/smokefire_test_1141.jpg,test,smokefire,prediction_disagrees: smoke,,
../dataset/Forect Fire/Forest Fire_Dataset/test/smokefire/smokefire_test_1142.jpg,test,smokefire,prediction_disagrees: smoke,,
../dataset/Forect Fire/Forest Fire_Dataset/test/smokefire/smokefire_test_1143.jpg,test,smokefire,prediction_disagrees: smoke,,
../dataset/Forect Fire/Forest Fire_Dataset/test/smokefire/smokefire_test_1144.jpg,test,smokefire,prediction_disagrees: smoke,,
../dataset/Forect Fire/Forest Fire_Dataset/test/smokefire/smokefire_test_1145.jpg,test,smokefire,prediction_disagrees: smoke,,
../dataset/Forect Fire/Forest Fire_Dataset/test/smokefire/smokefire_test_1146.jpg,test,smokefire,prediction_disagrees: smoke,,
../dataset/Forect Fire/Forest Fire_Dataset/test/smokefire/smokefire_test_1147.jpg,test,smokefire,prediction_disagrees: smoke,,
../dataset/Forect Fire/Forest Fire_Dataset/test/smokefire/smokefire_test_1152.jpg,test,smokefire,prediction_disagrees: smoke,,
../dataset/Forect Fire/Forest Fire_Dataset/test/smokefire/smokefire_test_1153.jpg,test,smokefire,prediction_disagrees: smoke,,
../dataset/Forect Fire/Forest Fire_Dataset/test/smokefire/smokefire_test_1155.jpg,test,smokefire,prediction_disagrees: smoke,,
../dataset/Forect Fire/Forest Fire_Dataset/test/smokefire/smokefire_test_1156.jpg,test,smokefire,prediction_disagrees: smoke,,
../dataset/Forect Fire/Forest Fire_Dataset/test/smokefire/smokefire_test_1159.jpg,test,smokefire,prediction_disagrees: smoke,,
../dataset/Forect Fire/Forest Fire_Dataset/test/smokefire/smokefire_test_1160.jpg,test,smokefire,prediction_disagrees: smoke,,
../dataset/Forect Fire/Forest Fire_Dataset/test/smokefire/smokefire_test_1161.jpg,test,smokefire,prediction_disagrees: smoke,,
../dataset/Forect Fire/Forest Fire_Dataset/test/smokefire/smokefire_test_1162.jpg,test,smokefire,prediction_disagrees: smoke,,
../dataset/Forect Fire/Forest Fire_Dataset/test/smokefire/smokefire_test_1163.jpg,test,smokefire,prediction_disagrees: smoke,,
../dataset/Forect Fire/Forest Fire_Dataset/test/smokefire/smokefire_test_1165.jpg,test,smokefire,prediction_disagrees: smoke,,
../dataset/Forect Fire/Forest Fire_Dataset/test/smokefire/smokefire_test_1167.jpg,test,smokefire,prediction_disagrees: smoke,,
../dataset/Forect Fire/Forest Fire_Dataset/test/smokefire/smokefire_test_1168.jpg,test,smokefire,prediction_disagrees: smoke,,
../dataset/Forect Fire/Forest Fire_Dataset/test/smokefire/smokefire_test_1169.jpg,test,smokefire,prediction_disagrees: smoke,,
../dataset/Forect Fire/Forest Fire_Dataset/test/smokefire/smokefire_test_1171.jpg,test,smokefire,prediction_disagrees: smoke,,
../dataset/Forect Fire/Forest Fire_Dataset/test/smokefire/smokefire_test_1172.jpg,test,smokefire,prediction_disagrees: nofire,,
../dataset/Forect Fire/Forest Fire_Dataset/test/smokefire/smokefire_test_1173.jpg,test,smokefire,prediction_disagrees: smoke,,
../dataset/Forect Fire/Forest Fire_Dataset/test/smokefire/smokefire_test_1175.jpg,test,smokefire,prediction_disagrees: smoke,,
../dataset/Forect Fire/Forest Fire_Dataset/test/smokefire/smokefire_test_1177.jpg,test,smokefire,prediction_disagrees: smoke,,
../dataset/Forect Fire/Forest Fire_Dataset/test/smokefire/smokefire_test_1178.jpg,test,smokefire,prediction_disagrees: smoke,,
../dataset/Forect Fire/Forest Fire_Dataset/test/smokefire/smokefire_test_1179.jpg,test,smokefire,prediction_disagrees: smoke,,
../dataset/Forect Fire/Forest Fire_Dataset/test/smokefire/smokefire_test_1180.jpg,test,smokefire,prediction_disagrees: nofire,,
../dataset/Forect Fire/Forest Fire_Dataset/test/smokefire/smokefire_test_1181.jpg,test,smokefire,prediction_disagrees: smoke,,
../dataset/Forect Fire/Forest Fire_Dataset/test/smokefire/smokefire_test_1182.jpg,test,smokefire,prediction_disagrees: smoke,,
../dataset/Forect Fire/Forest Fire_Dataset/test/smokefire/smokefire_test_1185.jpg,test,smokefire,prediction_disagrees: smoke,,
../dataset/Forect Fire/Forest Fire_Dataset/test/smokefire/smokefire_test_1186.jpg,test,smokefire,prediction_disagrees: smoke,,
../dataset/Forect Fire/Forest Fire_Dataset/test/smokefire/smokefire_test_1188.jpg,test,smokefire,prediction_disagrees: smoke,,
../dataset/Forect Fire/Forest Fire_Dataset/test/smokefire/smokefire_test_1189.jpg,test,smokefire,prediction_disagrees: smoke,,
../dataset/Forect Fire/Forest Fire_Dataset/test/smokefire/smokefire_test_1190.jpg,test,smokefire,prediction_disagrees: smoke,,
../dataset/Forect Fire/Forest Fire_Dataset/test/smokefire/smokefire_test_1191.jpg,test,smokefire,prediction_disagrees: smoke,,
../dataset/Forect Fire/Forest Fire_Dataset/test/smokefire/smokefire_test_1192.jpg,test,smokefire,prediction_disagrees: smoke,,
../dataset/Forect Fire/Forest Fire_Dataset/test/smokefire/smokefire_test_1196.jpg,test,smokefire,prediction_disagrees: nofire,,
../dataset/Forect Fire/Forest Fire_Dataset/test/smokefire/smokefire_test_1197.jpg,test,smokefire,prediction_disagrees: smoke,,
../dataset/Forect Fire/Forest Fire_Dataset/test/smokefire/smokefire_test_1198.jpg,test,smokefire,prediction_disagrees: smoke,,
../dataset/Forect Fire/Forest Fire_Dataset/test/smokefire/smokefire_test_1199.jpg,test,smokefire,prediction_disagrees: smoke,,
../dataset/Forect Fire/Forest Fire_Dataset/test/smokefire/smokefire_test_1200.jpg,test,smokefire,prediction_disagrees: smoke,,
../dataset/Forect Fire/Forest Fire_Dataset/test/fire/fire_test_1051.jpg,test,fire,prediction_disagrees: smokefire,,
../dataset/Forect Fire/Forest Fire_Dataset/test/fire/fire_test_1067.jpg,test,fire,prediction_disagrees: smokefire,,
../dataset/Forect Fire/Forest Fire_Dataset/test/fire/fire_test_1078.jpg,test,fire,prediction_disagrees: smokefire,,
../dataset/Forect Fire/Forest Fire_Dataset/test/fire/fire_test_1100.jpg,test,fire,prediction_disagrees: smokefire,,
../dataset/Forect Fire/Forest Fire_Dataset/test/fire/fire_test_1139.jpg,test,fire,prediction_disagrees: smokefire,,
../dataset/Forect Fire/Forest Fire_Dataset/test/fire/fire_test_1142.jpg,test,fire,prediction_disagrees: smokefire,,
../dataset/Forect Fire/Forest Fire_Dataset/test/fire/fire_test_1170.jpg,test,fire,prediction_disagrees: smokefire,,
../dataset/Forect Fire/Forest Fire_Dataset/test/nofire/nofire_test_1117.jpg,test,nofire,prediction_disagrees: smoke,,
../dataset/Forect Fire/Forest Fire_Dataset/test/nofire/nofire_test_1175.jpg,test,nofire,prediction_disagrees: fire,,
../dataset/Forect Fire/Forest Fire_Dataset/test/smoke/smoke_test_1022.jpg,test,smoke,prediction_disagrees: nofire,,
../dataset/Forect Fire/Forest Fire_Dataset/test/smoke/smoke_test_1031.jpg,test,smoke,prediction_disagrees: nofire,,
../dataset/Forect Fire/Forest Fire_Dataset/test/smoke/smoke_test_1036.jpg,test,smoke,prediction_disagrees: smokefire,,
../dataset/Forect Fire/Forest Fire_Dataset/test/smoke/smoke_test_1060.jpg,test,smoke,prediction_disagrees: nofire,,
../dataset/Forect Fire/Forest Fire_Dataset/test/smoke/smoke_test_1064.jpg,test,smoke,prediction_disagrees: smokefire,,
../dataset/Forect Fire/Forest Fire_Dataset/test/smoke/smoke_test_1066.jpg,test,smoke,prediction_disagrees: nofire,,
../dataset/Forect Fire/Forest Fire_Dataset/test/smoke/smoke_test_1070.jpg,test,smoke,prediction_disagrees: nofire,,
../dataset/Forect Fire/Forest Fire_Dataset/test/smoke/smoke_test_1083.jpg,test,smoke,prediction_disagrees: smokefire,,
../dataset/Forect Fire/Forest Fire_Dataset/test/smoke/smoke_test_1091.jpg,test,smoke,prediction_disagrees: nofire,,
../dataset/Forect Fire/Forest Fire_Dataset/test/smoke/smoke_test_1092.jpg,test,smoke,prediction_disagrees: smokefire,,
../dataset/Forect Fire/Forest Fire_Dataset/test/smoke/smoke_test_1100.jpg,test,smoke,prediction_disagrees: smokefire,,
../dataset/Forect Fire/Forest Fire_Dataset/test/smoke/smoke_test_1105.jpg,test,smoke,prediction_disagrees: nofire,,
../dataset/Forect Fire/Forest Fire_Dataset/test/smoke/smoke_test_1115.jpg,test,smoke,prediction_disagrees: nofire,,
../dataset/Forect Fire/Forest Fire_Dataset/test/smoke/smoke_test_1119.jpg,test,smoke,prediction_disagrees: smokefire,,
../dataset/Forect Fire/Forest Fire_Dataset/test/smoke/smoke_test_1121.jpg,test,smoke,prediction_disagrees: smokefire,,
../dataset/Forect Fire/Forest Fire_Dataset/test/smoke/smoke_test_1122.jpg,test,smoke,prediction_disagrees: smokefire,,
../dataset/Forect Fire/Forest Fire_Dataset/test/smoke/smoke_test_1141.jpg,test,smoke,prediction_disagrees: smokefire,,
../dataset/Forect Fire/Forest Fire_Dataset/test/smoke/smoke_test_1145.jpg,test,smoke,prediction_disagrees: nofire,,
../dataset/Forect Fire/Forest Fire_Dataset/test/smoke/smoke_test_1182.jpg,test,smoke,prediction_disagrees: nofire,,
../dataset/Forect Fire/Forest Fire_Dataset/test/smoke/smoke_test_1193.jpg,test,smoke,prediction_disagrees: smokefire,,
../dataset/Forect Fire/Forest Fire_Dataset/test/smoke/smoke_test_1195.jpg,test,smoke,prediction_disagrees: nofire,,
../dataset/Forect Fire/Forest Fire_Dataset/test/smoke/smoke_test_1200.jpg,test,smoke,prediction_disagrees: nofire,,
../dataset/Forect Fire/Forest Fire_Dataset/test/smokefire/smokefire_test_1008.jpg,test,smokefire,prediction_disagrees: fire,,
../dataset/Forect Fire/Forest Fire_Dataset/test/smokefire/smokefire_test_1019.jpg,test,smokefire,prediction_disagrees: smoke,,
../dataset/Forect Fire/Forest Fire_Dataset/test/smokefire/smokefire_test_1025.jpg,test,smokefire,prediction_disagrees: nofire,,
../dataset/Forect Fire/Forest Fire_Dataset/test/smokefire/smokefire_test_1027.jpg,test,smokefire,prediction_disagrees: fire,,
../dataset/Forect Fire/Forest Fire_Dataset/test/smokefire/smokefire_test_1034.jpg,test,smokefire,prediction_disagrees: fire,,
../dataset/Forect Fire/Forest Fire_Dataset/test/smokefire/smokefire_test_1041.jpg,test,smokefire,prediction_disagrees: fire,,
../dataset/Forect Fire/Forest Fire_Dataset/test/smokefire/smokefire_test_1043.jpg,test,smokefire,prediction_disagrees: fire,,
../dataset/Forect Fire/Forest Fire_Dataset/test/smokefire/smokefire_test_1044.jpg,test,smokefire,prediction_disagrees: smoke,,
../dataset/Forect Fire/Forest Fire_Dataset/test/smokefire/smokefire_test_1056.jpg,test,smokefire,prediction_disagrees: fire,,
../dataset/Forect Fire/Forest Fire_Dataset/test/smokefire/smokefire_test_1061.jpg,test,smokefire,prediction_disagrees: fire,,
../dataset/Forect Fire/Forest Fire_Dataset/test/smokefire/smokefire_test_1069.jpg,test,smokefire,prediction_disagrees: fire,,
../dataset/Forect Fire/Forest Fire_Dataset/test/smokefire/smokefire_test_1071.jpg,test,smokefire,prediction_disagrees: fire,,
../dataset/Forect Fire/Forest Fire_Dataset/test/smokefire/smokefire_test_1079.jpg,test,smokefire,prediction_disagrees: nofire,,
../dataset/Forect Fire/Forest Fire_Dataset/test/smokefire/smokefire_test_1083.jpg,test,smokefire,prediction_disagrees: fire,,
../dataset/Forect Fire/Forest Fire_Dataset/test/smokefire/smokefire_test_1086.jpg,test,smokefire,prediction_disagrees: fire,,
../dataset/Forect Fire/Forest Fire_Dataset/test/smokefire/smokefire_test_1087.jpg,test,smokefire,prediction_disagrees: nofire,,
../dataset/Forect Fire/Forest Fire_Dataset/test/smokefire/smokefire_test_1090.jpg,test,smokefire,prediction_disagrees: fire,,
../dataset/Forect Fire/Forest Fire_Dataset/test/smokefire/smokefire_test_1093.jpg,test,smokefire,prediction_disagrees: fire,,
../dataset/Forect Fire/Forest Fire_Dataset/test/smokefire/smokefire_test_1099.jpg,test,smokefire,prediction_disagrees: fire,,
../dataset/Forect Fire/Forest Fire_Dataset/test/smokefire/smokefire_test_1102.jpg,test,smokefire,prediction_disagrees: fire,,
../dataset/Forect Fire/Forest Fire_Dataset/test/smokefire/smokefire_test_1106.jpg,test,smokefire,prediction_disagrees: fire,,
../dataset/Forect Fire/Forest Fire_Dataset/test/smokefire/smokefire_test_1108.jpg,test,smokefire,prediction_disagrees: fire,,
../dataset/Forect Fire/Forest Fire_Dataset/test/smokefire/smokefire_test_1114.jpg,test,smokefire,prediction_disagrees: nofire,,
../dataset/Forect Fire/Forest Fire_Dataset/test/smokefire/smokefire_test_1122.jpg,test,smokefire,prediction_disagrees: fire,,
../dataset/Forect Fire/Forest Fire_Dataset/test/smokefire/smokefire_test_1134.jpg,test,smokefire,prediction_disagrees: smoke,,
../dataset/Forect Fire/Forest Fire_Dataset/test/smokefire/smokefire_test_1135.jpg,test,smokefire,prediction_disagrees: fire,,
../dataset/Forect Fire/Forest Fire_Dataset/test/smokefire/smokefire_test_1137.jpg,test,smokefire,prediction_disagrees: smoke,,
../dataset/Forect Fire/Forest Fire_Dataset/test/smokefire/smokefire_test_1148.jpg,test,smokefire,prediction_disagrees: fire,,
../dataset/Forect Fire/Forest Fire_Dataset/test/smokefire/smokefire_test_1166.jpg,test,smokefire,prediction_disagrees: fire,,
../dataset/Forect Fire/Forest Fire_Dataset/test/smokefire/smokefire_test_1183.jpg,test,smokefire,prediction_disagrees: fire,,
../dataset/Forect Fire/Forest Fire_Dataset/test/smokefire/smokefire_test_1184.jpg,test,smokefire,prediction_disagrees: fire,,
../dataset/Forect Fire/Forest Fire_Dataset/test/smokefire/smokefire_test_1193.jpg,test,smokefire,prediction_disagrees: nofire,,
../dataset/Forect Fire/Forest Fire_Dataset/test/smokefire/smokefire_test_1195.jpg,test,smokefire,prediction_disagrees: fire,,
