processed_filepath,label,class_index,predicted_index,predicted_label,confidence
data/processed/test/fire/fire_test_1006.jpg,fire,0,3,smokefire,0.4584525
data/processed/test/fire/fire_test_1013.jpg,fire,0,3,smokefire,0.4037708
data/processed/test/fire/fire_test_1014.jpg,fire,0,3,smokefire,0.56506246
data/processed/test/fire/fire_test_1015.jpg,fire,0,3,smokefire,0.50842875
data/processed/test/fire/fire_test_1016.jpg,fire,0,3,smokefire,0.59109914
data/processed/test/fire/fire_test_1022.jpg,fire,0,3,smokefire,0.5319447
data/processed/test/fire/fire_test_1023.jpg,fire,0,2,smoke,0.5699832
data/processed/test/fire/fire_test_1025.jpg,fire,0,3,smokefire,0.44840503
data/processed/test/fire/fire_test_1027.jpg,fire,0,3,smokefire,0.57883316
data/processed/test/fire/fire_test_1030.jpg,fire,0,3,smokefire,0.45806727
data/processed/test/fire/fire_test_1032.jpg,fire,0,3,smokefire,0.491436
data/processed/test/fire/fire_test_1033.jpg,fire,0,2,smoke,0.5376587
data/processed/test/fire/fire_test_1035.jpg,fire,0,2,smoke,0.4659371
data/processed/test/fire/fire_test_1036.jpg,fire,0,3,smokefire,0.5684717
data/processed/test/fire/fire_test_1037.jpg,fire,0,1,nofire,0.48532507
data/processed/test/fire/fire_test_1038.jpg,fire,0,2,smoke,0.62721515
data/processed/test/fire/fire_test_1039.jpg,fire,0,1,nofire,0.39446533
data/processed/test/fire/fire_test_1041.jpg,fire,0,3,smokefire,0.6796553
data/processed/test/fire/fire_test_1042.jpg,fire,0,3,smokefire,0.46783412
data/processed/test/fire/fire_test_1043.jpg,fire,0,3,smokefire,0.43982106
data/processed/test/fire/fire_test_1044.jpg,fire,0,2,smoke,0.39921182
data/processed/test/fire/fire_test_1045.jpg,fire,0,3,smokefire,0.59689784
data/processed/test/fire/fire_test_1046.jpg,fire,0,3,smokefire,0.49302062
data/processed/test/fire/fire_test_1048.jpg,fire,0,2,smoke,0.38360307
data/processed/test/fire/fire_test_1049.jpg,fire,0,3,smokefire,0.6380137
data/processed/test/fire/fire_test_1052.jpg,fire,0,3,smokefire,0.52853715
data/processed/test/fire/fire_test_1053.jpg,fire,0,1,nofire,0.6786706
data/processed/test/fire/fire_test_1057.jpg,fire,0,1,nofire,0.4651129
data/processed/test/fire/fire_test_1063.jpg,fire,0,3,smokefire,0.64172566
data/processed/test/fire/fire_test_1066.jpg,fire,0,3,smokefire,0.6857011
data/processed/test/fire/fire_test_1071.jpg,fire,0,3,smokefire,0.46969748
data/processed/test/fire/fire_test_1072.jpg,fire,0,3,smokefire,0.6898433
data/processed/test/fire/fire_test_1077.jpg,fire,0,3,smokefire,0.43001083
data/processed/test/fire/fire_test_1079.jpg,fire,0,3,smokefire,0.52939415
data/processed/test/fire/fire_test_1082.jpg,fire,0,3,smokefire,0.48473883
data/processed/test/fire/fire_test_1083.jpg,fire,0,3,smokefire,0.60713995
data/processed/test/fire/fire_test_1084.jpg,fire,0,3,smokefire,0.4718034
data/processed/test/fire/fire_test_1085.jpg,fire,0,2,smoke,0.4205834
data/processed/test/fire/fire_test_1087.jpg,fire,0,3,smokefire,0.4321928
data/processed/test/fire/fire_test_1091.jpg,fire,0,3,smokefire,0.79386705
data/processed/test/fire/fire_test_1092.jpg,fire,0,3,smokefire,0.54552555
data/processed/test/fire/fire_test_1093.jpg,fire,0,2,smoke,0.39068627
data/processed/test/fire/fire_test_1097.jpg,fire,0,3,smokefire,0.42028677
data/processed/test/fire/fire_test_1099.jpg,fire,0,3,smokefire,0.51465064
data/processed/test/fire/fire_test_1101.jpg,fire,0,3,smokefire,0.4342025
data/processed/test/fire/fire_test_1102.jpg,fire,0,3,smokefire,0.54531187
data/processed/test/fire/fire_test_1103.jpg,fire,0,3,smokefire,0.47355905
data/processed/test/fire/fire_test_1106.jpg,fire,0,3,smokefire,0.5262905
data/processed/test/fire/fire_test_1109.jpg,fire,0,1,nofire,0.40275922
data/processed/test/fire/fire_test_1110.jpg,fire,0,3,smokefire,0.43777707
data/processed/test/fire/fire_test_1112.jpg,fire,0,3,smokefire,0.5797065
data/processed/test/fire/fire_test_1115.jpg,fire,0,3,smokefire,0.5657166
data/processed/test/fire/fire_test_1116.jpg,fire,0,3,smokefire,0.47397316
data/processed/test/fire/fire_test_1119.jpg,fire,0,3,smokefire,0.6916524
data/processed/test/fire/fire_test_1123.jpg,fire,0,2,smoke,0.45039284
data/processed/test/fire/fire_test_1124.jpg,fire,0,2,smoke,0.51624185
data/processed/test/fire/fire_test_1132.jpg,fire,0,3,smokefire,0.64334524
data/processed/test/fire/fire_test_1133.jpg,fire,0,1,nofire,0.8860704
data/processed/test/fire/fire_test_1134.jpg,fire,0,3,smokefire,0.49660793
data/processed/test/fire/fire_test_1135.jpg,fire,0,3,smokefire,0.48881176
data/processed/test/fire/fire_test_1144.jpg,fire,0,3,smokefire,0.43695536
data/processed/test/fire/fire_test_1148.jpg,fire,0,2,smoke,0.5288678
data/processed/test/fire/fire_test_1150.jpg,fire,0,3,smokefire,0.69279605
data/processed/test/fire/fire_test_1152.jpg,fire,0,3,smokefire,0.6040103
data/processed/test/fire/fire_test_1153.jpg,fire,0,2,smoke,0.6077341
data/processed/test/fire/fire_test_1154.jpg,fire,0,3,smokefire,0.7452865
data/processed/test/fire/fire_test_1155.jpg,fire,0,3,smokefire,0.60899717
data/processed/test/fire/fire_test_1156.jpg,fire,0,2,smoke,0.54970855
data/processed/test/fire/fire_test_1157.jpg,fire,0,3,smokefire,0.62215835
data/processed/test/fire/fire_test_1160.jpg,fire,0,2,smoke,0.51559937
data/processed/test/fire/fire_test_1161.jpg,fire,0,2,smoke,0.3634422
data/processed/test/fire/fire_test_1163.jpg,fire,0,1,nofire,0.38543764
data/processed/test/fire/fire_test_1164.jpg,fire,0,2,smoke,0.47942102
data/processed/test/fire/fire_test_1168.jpg,fire,0,3,smokefire,0.83215827
data/processed/test/fire/fire_test_1169.jpg,fire,0,3,smokefire,0.57792836
data/processed/test/fire/fire_test_1171.jpg,fire,0,2,smoke,0.498832
data/processed/test/fire/fire_test_1173.jpg,fire,0,2,smoke,0.4580042
data/processed/test/fire/fire_test_1174.jpg,fire,0,3,smokefire,0.4098732
data/processed/test/fire/fire_test_1175.jpg,fire,0,3,smokefire,0.43817097
data/processed/test/fire/fire_test_1178.jpg,fire,0,3,smokefire,0.6655695
data/processed/test/fire/fire_test_1180.jpg,fire,0,3,smokefire,0.37858662
data/processed/test/fire/fire_test_1183.jpg,fire,0,3,smokefire,0.48524988
data/processed/test/fire/fire_test_1184.jpg,fire,0,2,smoke,0.59859216
data/processed/test/fire/fire_test_1186.jpg,fire,0,3,smokefire,0.34080005
data/processed/test/fire/fire_test_1188.jpg,fire,0,2,smoke,0.46352866
data/processed/test/fire/fire_test_1191.jpg,fire,0,3,smokefire,0.48640844
data/processed/test/fire/fire_test_1194.jpg,fire,0,3,smokefire,0.5189697
data/processed/test/nofire/nofire_test_1001.jpg,nofire,1,0,fire,0.6696789
data/processed/test/nofire/nofire_test_1002.jpg,nofire,1,0,fire,0.4990497
data/processed/test/nofire/nofire_test_1005.jpg,nofire,1,3,smokefire,0.3629444
data/processed/test/nofire/nofire_test_1010.jpg,nofire,1,3,smokefire,0.7356427
data/processed/test/nofire/nofire_test_1012.jpg,nofire,1,2,smoke,0.41911465
data/processed/test/nofire/nofire_test_1019.jpg,nofire,1,2,smoke,0.5518454
data/processed/test/nofire/nofire_test_1024.jpg,nofire,1,2,smoke,0.5072641
data/processed/test/nofire/nofire_test_1027.jpg,nofire,1,2,smoke,0.49395245
data/processed/test/nofire/nofire_test_1030.jpg,nofire,1,3,smokefire,0.50894254
data/processed/test/nofire/nofire_test_1031.jpg,nofire,1,0,fire,0.56086636
data/processed/test/nofire/nofire_test_1032.jpg,nofire,1,3,smokefire,0.48807156
data/processed/test/nofire/nofire_test_1033.jpg,nofire,1,0,fire,0.75533426
data/processed/test/nofire/nofire_test_1040.jpg,nofire,1,3,smokefire,0.5327495
data/processed/test/nofire/nofire_test_1041.jpg,nofire,1,3,smokefire,0.62551486
data/processed/test/nofire/nofire_test_1042.jpg,nofire,1,3,smokefire,0.43775743
data/processed/test/nofire/nofire_test_1044.jpg,nofire,1,2,smoke,0.5419617
data/processed/test/nofire/nofire_test_1045.jpg,nofire,1,2,smoke,0.49037004
data/processed/test/nofire/nofire_test_1051.jpg,nofire,1,2,smoke,0.4456242
data/processed/test/nofire/nofire_test_1053.jpg,nofire,1,3,smokefire,0.41694036
data/processed/test/nofire/nofire_test_1054.jpg,nofire,1,3,smokefire,0.38121268
data/processed/test/nofire/nofire_test_1057.jpg,nofire,1,2,smoke,0.61084884
data/processed/test/nofire/nofire_test_1059.jpg,nofire,1,3,smokefire,0.6487005
data/processed/test/nofire/nofire_test_1062.jpg,nofire,1,2,smoke,0.54153174
data/processed/test/nofire/nofire_test_1063.jpg,nofire,1,2,smoke,0.56188476
data/processed/test/nofire/nofire_test_1065.jpg,nofire,1,3,smokefire,0.58552843
data/processed/test/nofire/nofire_test_1066.jpg,nofire,1,2,smoke,0.48280448
data/processed/test/nofire/nofire_test_1067.jpg,nofire,1,2,smoke,0.6601442
data/processed/test/nofire/nofire_test_1068.jpg,nofire,1,2,smoke,0.37389565
data/processed/test/nofire/nofire_test_1071.jpg,nofire,1,2,smoke,0.5257224
data/processed/test/nofire/nofire_test_1075.jpg,nofire,1,3,smokefire,0.6737738
data/processed/test/nofire/nofire_test_1078.jpg,nofire,1,3,smokefire,0.4868547
data/processed/test/nofire/nofire_test_1081.jpg,nofire,1,2,smoke,0.55672467
data/processed/test/nofire/nofire_test_1083.jpg,nofire,1,2,smoke,0.58132863
data/processed/test/nofire/nofire_test_1084.jpg,nofire,1,2,smoke,0.64370644
data/processed/test/nofire/nofire_test_1086.jpg,nofire,1,2,smoke,0.52077436
data/processed/test/nofire/nofire_test_1088.jpg,nofire,1,2,smoke,0.6885516
data/processed/test/nofire/nofire_test_1090.jpg,nofire,1,2,smoke,0.5099076
data/processed/test/nofire/nofire_test_1091.jpg,nofire,1,2,smoke,0.47636837
data/processed/test/nofire/nofire_test_1097.jpg,nofire,1,3,smokefire,0.3954054
data/processed/test/nofire/nofire_test_1098.jpg,nofire,1,3,smokefire,0.650163
data/processed/test/nofire/nofire_test_1100.jpg,nofire,1,3,smokefire,0.5202713
data/processed/test/nofire/nofire_test_1101.jpg,nofire,1,3,smokefire,0.49620938
data/processed/test/nofire/nofire_test_1102.jpg,nofire,1,3,smokefire,0.4038923
data/processed/test/nofire/nofire_test_1103.jpg,nofire,1,2,smoke,0.43694916
data/processed/test/nofire/nofire_test_1107.jpg,nofire,1,3,smokefire,0.58901536
data/processed/test/nofire/nofire_test_1109.jpg,nofire,1,2,smoke,0.5524614
data/processed/test/nofire/nofire_test_1111.jpg,nofire,1,2,smoke,0.51943856
data/processed/test/nofire/nofire_test_1113.jpg,nofire,1,2,smoke,0.49539578
data/processed/test/nofire/nofire_test_1114.jpg,nofire,1,2,smoke,0.5038627
data/processed/test/nofire/nofire_test_1119.jpg,nofire,1,2,smoke,0.5307397
data/processed/test/nofire/nofire_test_1122.jpg,nofire,1,2,smoke,0.5813295
data/processed/test/nofire/nofire_test_1123.jpg,nofire,1,2,smoke,0.45803457
data/processed/test/nofire/nofire_test_1124.jpg,nofire,1,2,smoke,0.56674784
data/processed/test/nofire/nofire_test_1127.jpg,nofire,1,0,fire,0.5289342
data/processed/test/nofire/nofire_test_1128.jpg,nofire,1,2,smoke,0.56865984
data/processed/test/nofire/nofire_test_1130.jpg,nofire,1,2,smoke,0.51859826
data/processed/test/nofire/nofire_test_1131.jpg,nofire,1,2,smoke,0.61371493
data/processed/test/nofire/nofire_test_1133.jpg,nofire,1,2,smoke,0.5822244
data/processed/test/nofire/nofire_test_1134.jpg,nofire,1,3,smokefire,0.4321749
data/processed/test/nofire/nofire_test_1137.jpg,nofire,1,2,smoke,0.42736164
data/processed/test/nofire/nofire_test_1139.jpg,nofire,1,2,smoke,0.49900094
data/processed/test/nofire/nofire_test_1140.jpg,nofire,1,2,smoke,0.52865535
data/processed/test/nofire/nofire_test_1145.jpg,nofire,1,2,smoke,0.4834888
data/processed/test/nofire/nofire_test_1155.jpg,nofire,1,2,smoke,0.54785657
data/processed/test/nofire/nofire_test_1158.jpg,nofire,1,2,smoke,0.52226233
data/processed/test/nofire/nofire_test_1161.jpg,nofire,1,3,smokefire,0.44231492
data/processed/test/nofire/nofire_test_1170.jpg,nofire,1,3,smokefire,0.49527118
data/processed/test/nofire/nofire_test_1173.jpg,nofire,1,3,smokefire,0.46530873
data/processed/test/nofire/nofire_test_1177.jpg,nofire,1,3,smokefire,0.46879497
data/processed/test/nofire/nofire_test_1196.jpg,nofire,1,2,smoke,0.40908968
data/processed/test/nofire/nofire_test_1197.jpg,nofire,1,2,smoke,0.48374256
data/processed/test/nofire/nofire_test_1200.jpg,nofire,1,2,smoke,0.5839079
data/processed/test/smoke/smoke_test_1001.jpg,smoke,2,1,nofire,0.6194217
data/processed/test/smoke/smoke_test_1003.jpg,smoke,2,1,nofire,0.5613084
data/processed/test/smoke/smoke_test_1005.jpg,smoke,2,1,nofire,0.5401008
data/processed/test/smoke/smoke_test_1006.jpg,smoke,2,1,nofire,0.6622066
data/processed/test/smoke/smoke_test_1010.jpg,smoke,2,1,nofire,0.7717598
data/processed/test/smoke/smoke_test_1012.jpg,smoke,2,1,nofire,0.6245179
data/processed/test/smoke/smoke_test_1014.jpg,smoke,2,1,nofire,0.60920924
data/processed/test/smoke/smoke_test_1016.jpg,smoke,2,1,nofire,0.34974217
data/processed/test/smoke/smoke_test_1018.jpg,smoke,2,1,nofire,0.45406532
data/processed/test/smoke/smoke_test_1023.jpg,smoke,2,1,nofire,0.5013556
data/processed/test/smoke/smoke_test_1025.jpg,smoke,2,1,nofire,0.61562395
data/processed/test/smoke/smoke_test_1030.jpg,smoke,2,1,nofire,0.72322845
data/processed/test/smoke/smoke_test_1032.jpg,smoke,2,1,nofire,0.70659757
data/processed/test/smoke/smoke_test_1035.jpg,smoke,2,1,nofire,0.39388907
data/processed/test/smoke/smoke_test_1044.jpg,smoke,2,1,nofire,0.5193296
data/processed/test/smoke/smoke_test_1046.jpg,smoke,2,1,nofire,0.6123861
data/processed/test/smoke/smoke_test_1047.jpg,smoke,2,1,nofire,0.53213793
data/processed/test/smoke/smoke_test_1055.jpg,smoke,2,1,nofire,0.37030652
data/processed/test/smoke/smoke_test_1058.jpg,smoke,2,1,nofire,0.4765754
data/processed/test/smoke/smoke_test_1068.jpg,smoke,2,1,nofire,0.56024957
data/processed/test/smoke/smoke_test_1078.jpg,smoke,2,1,nofire,0.43972176
data/processed/test/smoke/smoke_test_1082.jpg,smoke,2,1,nofire,0.52435166
data/processed/test/smoke/smoke_test_1095.jpg,smoke,2,1,nofire,0.67345285
data/processed/test/smoke/smoke_test_1096.jpg,smoke,2,1,nofire,0.5633105
data/processed/test/smoke/smoke_test_1101.jpg,smoke,2,1,nofire,0.5821338
data/processed/test/smoke/smoke_test_1102.jpg,smoke,2,1,nofire,0.48445004
data/processed/test/smoke/smoke_test_1113.jpg,smoke,2,1,nofire,0.5504925
data/processed/test/smoke/smoke_test_1114.jpg,smoke,2,1,nofire,0.49533796
data/processed/test/smoke/smoke_test_1118.jpg,smoke,2,1,nofire,0.6009562
data/processed/test/smoke/smoke_test_1123.jpg,smoke,2,1,nofire,0.41676593
data/processed/test/smoke/smoke_test_1127.jpg,smoke,2,1,nofire,0.44367826
data/processed/test/smoke/smoke_test_1128.jpg,smoke,2,1,nofire,0.7140082
data/processed/test/smoke/smoke_test_1129.jpg,smoke,2,1,nofire,0.51174045
data/processed/test/smoke/smoke_test_1142.jpg,smoke,2,1,nofire,0.45026973
data/processed/test/smoke/smoke_test_1148.jpg,smoke,2,1,nofire,0.5234715
data/processed/test/smoke/smoke_test_1154.jpg,smoke,2,1,nofire,0.47623828
data/processed/test/smoke/smoke_test_1157.jpg,smoke,2,1,nofire,0.54636484
data/processed/test/smoke/smoke_test_1158.jpg,smoke,2,1,nofire,0.5231951
data/processed/test/smoke/smoke_test_1159.jpg,smoke,2,1,nofire,0.6619244
data/processed/test/smoke/smoke_test_1165.jpg,smoke,2,1,nofire,0.7629186
data/processed/test/smoke/smoke_test_1168.jpg,smoke,2,1,nofire,0.5807473
data/processed/test/smoke/smoke_test_1178.jpg,smoke,2,3,smokefire,0.5297387
data/processed/test/smoke/smoke_test_1184.jpg,smoke,2,1,nofire,0.60374796
data/processed/test/smoke/smoke_test_1190.jpg,smoke,2,1,nofire,0.65031105
data/processed/test/smoke/smoke_test_1192.jpg,smoke,2,1,nofire,0.4995987
data/processed/test/smoke/smoke_test_1196.jpg,smoke,2,1,nofire,0.561637
data/processed/test/smoke/smoke_test_1197.jpg,smoke,2,1,nofire,0.78512496
data/processed/test/smokefire/smokefire_test_1001.jpg,smokefire,3,1,nofire,0.4747259
data/processed/test/smokefire/smokefire_test_1005.jpg,smokefire,3,2,smoke,0.43241262
data/processed/test/smokefire/smokefire_test_1006.jpg,smokefire,3,2,smoke,0.56471986
data/processed/test/smokefire/smokefire_test_1007.jpg,smokefire,3,2,smoke,0.44357067
data/processed/test/smokefire/smokefire_test_1009.jpg,smokefire,3,2,smoke,0.61894333
data/processed/test/smokefire/smokefire_test_1011.jpg,smokefire,3,2,smoke,0.39612556
data/processed/test/smokefire/smokefire_test_1012.jpg,smokefire,3,2,smoke,0.65607345
data/processed/test/smokefire/smokefire_test_1013.jpg,smokefire,3,2,smoke,0.64574236
data/processed/test/smokefire/smokefire_test_1021.jpg,smokefire,3,2,smoke,0.64163357
data/processed/test/smokefire/smokefire_test_1022.jpg,smokefire,3,2,smoke,0.39275038
data/processed/test/smokefire/smokefire_test_1023.jpg,smokefire,3,2,smoke,0.594991
data/processed/test/smokefire/smokefire_test_1024.jpg,smokefire,3,2,smoke,0.5461974
data/processed/test/smokefire/smokefire_test_1026.jpg,smokefire,3,1,nofire,0.51824594
data/processed/test/smokefire/smokefire_test_1028.jpg,smokefire,3,2,smoke,0.6340486
data/processed/test/smokefire/smokefire_test_1030.jpg,smokefire,3,2,smoke,0.65591794
data/processed/test/smokefire/smokefire_test_1031.jpg,smokefire,3,2,smoke,0.50349885
data/processed/test/smokefire/smokefire_test_1033.jpg,smokefire,3,2,smoke,0.52865225
data/processed/test/smokefire/smokefire_test_1035.jpg,smokefire,3,2,smoke,0.5149984
data/processed/test/smokefire/smokefire_test_1036.jpg,smokefire,3,1,nofire,0.5283265
data/processed/test/smokefire/smokefire_test_1037.jpg,smokefire,3,2,smoke,0.62371117
data/processed/test/smokefire/smokefire_test_1038.jpg,smokefire,3,2,smoke,0.45002258
data/processed/test/smokefire/smokefire_test_1047.jpg,smokefire,3,2,smoke,0.5422189
data/processed/test/smokefire/smokefire_test_1048.jpg,smokefire,3,2,smoke,0.49945587
data/processed/test/smokefire/smokefire_test_1049.jpg,smokefire,3,1,nofire,0.7521042
data/processed/test/smokefire/smokefire_test_1050.jpg,smokefire,3,2,smoke,0.5732589
data/processed/test/smokefire/smokefire_test_1051.jpg,smokefire,3,2,smoke,0.6775685
data/processed/test/smokefire/smokefire_test_1054.jpg,smokefire,3,2,smoke,0.5890864
data/processed/test/smokefire/smokefire_test_1057.jpg,smokefire,3,2,smoke,0.54809254
data/processed/test/smokefire/smokefire_test_1058.jpg,smokefire,3,2,smoke,0.6730657
data/processed/test/smokefire/smokefire_test_1060.jpg,smokefire,3,1,nofire,0.64991826
data/processed/test/smokefire/smokefire_test_1063.jpg,smokefire,3,2,smoke,0.5143755
data/processed/test/smokefire/smokefire_test_1064.jpg,smokefire,3,2,smoke,0.82539487
data/processed/test/smokefire/smokefire_test_1066.jpg,smokefire,3,2,smoke,0.48406008
data/processed/test/smokefire/smokefire_test_1067.jpg,smokefire,3,1,nofire,0.5012841
data/processed/test/smokefire/smokefire_test_1072.jpg,smokefire,3,2,smoke,0.65439934
data/processed/test/smokefire/smokefire_test_1073.jpg,smokefire,3,2,smoke,0.60331315
data/processed/test/smokefire/smokefire_test_1074.jpg,smokefire,3,2,smoke,0.50594985
data/processed/test/smokefire/smokefire_test_1075.jpg,smokefire,3,1,nofire,0.53795224
data/processed/test/smokefire/smokefire_test_1076.jpg,smokefire,3,2,smoke,0.6652274
data/processed/test/smokefire/smokefire_test_1078.jpg,smokefire,3,2,smoke,0.50655586
data/processed/test/smokefire/smokefire_test_1081.jpg,smokefire,3,2,smoke,0.47114906
data/processed/test/smokefire/smokefire_test_1082.jpg,smokefire,3,2,smoke,0.44189534
data/processed/test/smokefire/smokefire_test_1084.jpg,smokefire,3,2,smoke,0.42140892
data/processed/test/smokefire/smokefire_test_1088.jpg,smokefire,3,2,smoke,0.43704733
data/processed/test/smokefire/smokefire_test_1089.jpg,smokefire,3,1,nofire,0.6228462
data/processed/test/smokefire/smokefire_test_1092.jpg,smokefire,3,2,smoke,0.66761714
data/processed/test/smokefire/smokefire_test_1094.jpg,smokefire,3,2,smoke,0.5402174
data/processed/test/smokefire/smokefire_test_1095.jpg,smokefire,3,2,smoke,0.4944241
data/processed/test/smokefire/smokefire_test_1096.jpg,smokefire,3,2,smoke,0.62368155
data/processed/test/smokefire/smokefire_test_1098.jpg,smokefire,3,2,smoke,0.6376686
data/processed/test/smokefire/smokefire_test_1100.jpg,smokefire,3,2,smoke,0.49278128
data/processed/test/smokefire/smokefire_test_1101.jpg,smokefire,3,2,smoke,0.43532452
data/processed/test/smokefire/smokefire_test_1103.jpg,smokefire,3,1,nofire,0.47203735
data/processed/test/smokefire/smokefire_test_1104.jpg,smokefire,3,2,smoke,0.6837682
data/processed/test/smokefire/smokefire_test_1105.jpg,smokefire,3,2,smoke,0.5079713
data/processed/test/smokefire/smokefire_test_1109.jpg,smokefire,3,2,smoke,0.5819842
data/processed/test/smokefire/smokefire_test_1110.jpg,smokefire,3,2,smoke,0.7027574
data/processed/test/smokefire/smokefire_test_1111.jpg,smokefire,3,1,nofire,0.7793197
data/processed/test/smokefire/smokefire_test_1112.jpg,smokefire,3,2,smoke,0.6136529
data/processed/test/smokefire/smokefire_test_1113.jpg,smokefire,3,2,smoke,0.636044
data/processed/test/smokefire/smokefire_test_1115.jpg,smokefire,3,2,smoke,0.46606708
data/processed/test/smokefire/smokefire_test_1116.jpg,smokefire,3,2,smoke,0.37324333
data/processed/test/smokefire/smokefire_test_1117.jpg,smokefire,3,2,smoke,0.5272061
data/processed/test/smokefire/smokefire_test_1119.jpg,smokefire,3,1,nofire,0.48513538
data/processed/test/smokefire/smokefire_test_1121.jpg,smokefire,3,0,fire,0.48349872
data/processed/test/smokefire/smokefire_test_1123.jpg,smokefire,3,2,smoke,0.4567803
data/processed/test/smokefire/smokefire_test_1124.jpg,smokefire,3,2,smoke,0.6338944
data/processed/test/smokefire/smokefire_test_1126.jpg,smokefire,3,2,smoke,0.41297698
data/processed/test/smokefire/smokefire_test_1128.jpg,smokefire,3,1,nofire,0.4724416
data/processed/test/smokefire/smokefire_test_1129.jpg,smokefire,3,2,smoke,0.58143526
data/processed/test/smokefire/smokefire_test_1130.jpg,smokefire,3,1,nofire,0.48804316
data/processed/test/smokefire/smokefire_test_1136.jpg,smokefire,3,2,smoke,0.58205247
data/processed/test/smokefire/smokefire_test_1138.jpg,smokefire,3,1,nofire,0.7532282
data/processed/test/smokefire/smokefire_test_1139.jpg,smokefire,3,2,smoke,0.43059295
data/processed/test/smokefire/smokefire_test_1141.jpg,smokefire,3,2,smoke,0.5890966
data/processed/test/smokefire/smokefire_test_1142.jpg,smokefire,3,2,smoke,0.4630776
data/processed/test/smokefire/smokefire_test_1143.jpg,smokefire,3,2,smoke,0.63787377
data/processed/test/smokefire/smokefire_test_1144.jpg,smokefire,3,2,smoke,0.62712646
data/processed/test/smokefire/smokefire_test_1145.jpg,smokefire,3,2,smoke,0.66832393
data/processed/test/smokefire/smokefire_test_1146.jpg,smokefire,3,2,smoke,0.6706906
data/processed/test/smokefire/smokefire_test_1147.jpg,smokefire,3,2,smoke,0.4814163
data/processed/test/smokefire/smokefire_test_1152.jpg,smokefire,3,2,smoke,0.58491087
data/processed/test/smokefire/smokefire_test_1153.jpg,smokefire,3,2,smoke,0.68206775
data/processed/test/smokefire/smokefire_test_1155.jpg,smokefire,3,2,smoke,0.44189632
data/processed/test/smokefire/smokefire_test_1156.jpg,smokefire,3,2,smoke,0.64159006
data/processed/test/smokefire/smokefire_test_1159.jpg,smokefire,3,2,smoke,0.5753637
data/processed/test/smokefire/smokefire_test_1160.jpg,smokefire,3,2,smoke,0.41522112
data/processed/test/smokefire/smokefire_test_1161.jpg,smokefire,3,2,smoke,0.68838954
data/processed/test/smokefire/smokefire_test_1162.jpg,smokefire,3,2,smoke,0.67778766
data/processed/test/smokefire/smokefire_test_1163.jpg,smokefire,3,2,smoke,0.43118164
data/processed/test/smokefire/smokefire_test_1165.jpg,smokefire,3,2,smoke,0.5923494
data/processed/test/smokefire/smokefire_test_1167.jpg,smokefire,3,2,smoke,0.5200817
data/processed/test/smokefire/smokefire_test_1168.jpg,smokefire,3,2,smoke,0.5694479
data/processed/test/smokefire/smokefire_test_1169.jpg,smokefire,3,2,smoke,0.56339544
data/processed/test/smokefire/smokefire_test_1171.jpg,smokefire,3,2,smoke,0.54855543
data/processed/test/smokefire/smokefire_test_1172.jpg,smokefire,3,1,nofire,0.63626695
data/processed/test/smokefire/smokefire_test_1173.jpg,smokefire,3,2,smoke,0.55992144
data/processed/test/smokefire/smokefire_test_1175.jpg,smokefire,3,2,smoke,0.6404641
data/processed/test/smokefire/smokefire_test_1177.jpg,smokefire,3,2,smoke,0.48969176
data/processed/test/smokefire/smokefire_test_1178.jpg,smokefire,3,2,smoke,0.427356
data/processed/test/smokefire/smokefire_test_1179.jpg,smokefire,3,2,smoke,0.59671247
data/processed/test/smokefire/smokefire_test_1180.jpg,smokefire,3,1,nofire,0.5771911
data/processed/test/smokefire/smokefire_test_1181.jpg,smokefire,3,2,smoke,0.5156842
data/processed/test/smokefire/smokefire_test_1182.jpg,smokefire,3,2,smoke,0.65651786
data/processed/test/smokefire/smokefire_test_1185.jpg,smokefire,3,2,smoke,0.38883436
data/processed/test/smokefire/smokefire_test_1186.jpg,smokefire,3,2,smoke,0.5821482
data/processed/test/smokefire/smokefire_test_1188.jpg,smokefire,3,2,smoke,0.65639085
data/processed/test/smokefire/smokefire_test_1189.jpg,smokefire,3,2,smoke,0.5278916
data/processed/test/smokefire/smokefire_test_1190.jpg,smokefire,3,2,smoke,0.41190016
data/processed/test/smokefire/smokefire_test_1191.jpg,smokefire,3,2,smoke,0.4772545
data/processed/test/smokefire/smokefire_test_1192.jpg,smokefire,3,2,smoke,0.43119928
data/processed/test/smokefire/smokefire_test_1196.jpg,smokefire,3,1,nofire,0.668273
data/processed/test/smokefire/smokefire_test_1197.jpg,smokefire,3,2,smoke,0.50169766
data/processed/test/smokefire/smokefire_test_1198.jpg,smokefire,3,2,smoke,0.5857497
data/processed/test/smokefire/smokefire_test_1199.jpg,smokefire,3,2,smoke,0.41592833
data/processed/test/smokefire/smokefire_test_1200.jpg,smokefire,3,2,smoke,0.4826583
